City,Date,Latitude,Longitude,Max Temp (F),Humidity (%),Cloudiness (%),Wind Speed
butaritari,1595487371.0,3.07,172.79,83.62,76.0,0.0,15.35
cape town,1595487371.0,-33.93,18.42,55.0,100.0,90.0,5.82
baft,1595487372.0,29.23,56.61,82.44,20.0,0.0,5.44
cidreira,1595487372.0,-30.18,-50.21,63.27,79.0,100.0,12.17
albany,1595487332.0,42.6,-73.97,73.0,92.0,100.0,1.83
khatanga,1595487181.0,71.97,102.5,46.13,78.0,100.0,19.26
saint-philippe,1595487372.0,-21.36,55.77,66.2,88.0,75.0,23.04
busselton,1595487351.0,-33.65,115.33,62.01,37.0,27.0,15.28
punta arenas,1595487373.0,-53.15,-70.92,32.0,91.0,96.0,11.41
vaini,1595487182.0,-21.2,-175.2,69.8,94.0,75.0,11.41
kaputa,1595487182.0,-8.47,29.66,68.63,47.0,98.0,7.34
lexington park,1595487373.0,38.27,-76.45,77.0,94.0,1.0,8.05
marovoay,1595487373.0,-16.1,46.63,77.0,47.0,97.0,20.8
ancud,1595487182.0,-41.87,-73.82,37.99,100.0,12.0,5.82
tautira,1595487373.0,-17.73,-149.15,75.2,78.0,20.0,4.7
norman wells,1595487188.0,65.28,-126.83,50.0,93.0,90.0,13.87
castro,1595487203.0,-24.79,-50.01,54.75,89.0,23.0,2.91
kapaa,1595487183.0,22.08,-159.32,77.0,88.0,40.0,11.77
praia,1595487374.0,14.92,-23.51,77.0,88.0,20.0,5.82
dauphin,1595487183.0,51.15,-100.05,68.0,72.0,1.0,6.93
karratha,1595487090.0,-20.74,116.85,77.23,41.0,0.0,11.61
sawtell,1595487183.0,-30.38,153.1,64.99,77.0,40.0,5.82
sinnamary,1595487374.0,5.38,-52.95,75.2,89.0,100.0,5.93
okha,1595487375.0,53.57,142.95,54.63,80.0,91.0,8.14
hobart,1595487375.0,-42.88,147.33,52.0,62.0,75.0,5.82
new norfolk,1595487375.0,-42.78,147.06,52.0,78.0,100.0,5.99
hammerfest,1595487375.0,70.66,23.68,46.4,100.0,90.0,10.29
samarai,1595487184.0,-10.62,150.67,78.17,81.0,6.0,11.01
east london,1595487376.0,-33.02,27.91,57.2,54.0,0.0,8.05
narsaq,1595487184.0,60.92,-46.05,64.4,31.0,100.0,25.28
kapiri mposhi,1595487376.0,-13.97,28.68,59.27,53.0,11.0,13.2
shizuishan,1595487184.0,39.23,106.77,89.15,29.0,100.0,8.16
hermanus,1595487184.0,-34.42,19.23,57.0,67.0,0.0,1.99
cerro de pasco,1595487376.0,-10.68,-76.27,30.07,97.0,0.0,3.94
haines junction,1595487185.0,60.75,-137.51,52.05,82.0,100.0,1.3
port alfred,1595487377.0,-33.59,26.89,68.5,32.0,0.0,5.41
port hardy,1595487377.0,50.7,-127.42,54.05,88.0,3.0,7.83
tiksi,1595487377.0,71.69,128.87,60.26,72.0,87.0,5.88
rikitea,1595487377.0,-23.12,-134.97,66.65,73.0,61.0,20.58
hambantota,1595487377.0,6.12,81.12,80.6,94.0,75.0,6.93
puerto ayora,1595487186.0,-0.74,-90.35,66.99,97.0,96.0,1.99
zaltan,1595487378.0,32.95,11.87,76.77,62.0,0.0,1.25
thoen,1595487186.0,17.61,99.22,89.35,65.0,80.0,2.26
emerald,1595487378.0,-23.53,148.17,66.2,72.0,75.0,11.41
bellevue,1595487371.0,47.61,-122.2,64.0,77.0,75.0,9.17
rio gallegos,1595487378.0,-51.62,-69.22,15.8,92.0,0.0,5.82
qaanaaq,1595487378.0,77.48,-69.36,45.21,58.0,0.0,5.95
port hueneme,1595487379.0,34.15,-119.2,62.6,93.0,90.0,4.7
avarua,1595487379.0,-21.21,-159.78,75.2,94.0,98.0,9.17
san cristobal,1595487366.0,7.77,-72.22,63.99,88.0,41.0,2.15
ushuaia,1595487205.0,-54.8,-68.3,39.2,60.0,75.0,10.29
upernavik,1595487379.0,72.79,-56.15,44.82,77.0,0.0,12.44
riyadh,1595487361.0,24.69,46.72,98.6,30.0,4.0,9.17
merauke,1595487379.0,-8.47,140.33,79.92,77.0,26.0,17.96
tara,1595487187.0,56.89,74.37,66.11,45.0,0.0,7.61
le port,1595487380.0,-20.94,55.29,73.4,56.0,23.0,12.75
shivrajpur,1595487380.0,22.42,73.65,87.8,74.0,40.0,5.82
bathsheba,1595487380.0,13.22,-59.52,80.6,69.0,20.0,17.22
hithadhoo,1595487144.0,-0.6,73.08,82.71,73.0,78.0,13.35
sept-iles,1595487101.0,50.2,-66.38,62.01,67.0,75.0,8.05
port-cartier,1595487380.0,50.03,-66.87,62.01,67.0,75.0,8.05
mataura,1595487380.0,-46.19,168.86,39.0,83.0,85.0,3.0
baykit,1595487381.0,61.67,96.37,58.55,83.0,100.0,1.66
prince george,1595487381.0,53.92,-122.75,60.01,87.0,90.0,4.7
manitouwadge,1595487381.0,49.12,-85.84,54.36,90.0,63.0,1.97
arshan,1595487189.0,46.27,44.22,84.2,26.0,20.0,8.95
pevek,1595487189.0,69.7,170.31,51.4,65.0,64.0,3.71
mujiayingzi,1595487381.0,42.12,118.78,88.83,27.0,1.0,8.01
provideniya,1595487189.0,64.38,-173.3,53.6,71.0,15.0,15.66
port elizabeth,1595487382.0,-33.92,25.57,55.4,100.0,40.0,4.7
tasiilaq,1595487382.0,65.61,-37.64,42.8,87.0,81.0,2.24
fare,1595487190.0,-16.7,-151.02,77.76,76.0,0.0,19.28
portsmouth,1595487382.0,50.8,-1.09,62.01,86.0,100.0,8.9
hoshangabad,1595487190.0,22.75,77.72,92.53,50.0,100.0,5.99
guayaquil,1595487190.0,-2.17,-79.9,73.4,78.0,20.0,6.93
tocopilla,1595487382.0,-22.09,-70.2,56.21,69.0,73.0,6.38
casma,1595487383.0,-41.01,-73.12,37.4,96.0,12.0,5.82
ust-maya,1595487383.0,60.42,134.53,75.99,42.0,0.0,7.14
clyde river,1595487383.0,70.47,-68.59,41.0,100.0,90.0,0.96
tutoia,1595487383.0,-2.76,-42.27,72.1,79.0,100.0,7.11
shingu,1595487383.0,33.73,135.98,86.0,66.0,75.0,8.05
bredasdorp,1595487384.0,-34.53,20.04,55.4,93.0,1.0,5.82
carnarvon,1595487090.0,-24.87,113.63,71.6,73.0,0.0,17.22
san quintin,1595487384.0,30.48,-115.95,64.74,83.0,98.0,10.07
beringovskiy,1595487384.0,63.05,179.32,51.94,75.0,0.0,10.33
tessalit,1595487191.0,20.2,1.01,92.8,26.0,25.0,6.06
chokurdakh,1595487384.0,70.63,147.92,88.97,31.0,82.0,9.17
quesnel,1595487385.0,53.0,-122.5,59.0,87.0,90.0,2.24
sterling,1595487292.0,39.01,-77.43,72.0,100.0,90.0,5.82
zabol,1595487192.0,32.25,67.25,89.33,12.0,0.0,17.11
pacific grove,1595487150.0,36.62,-121.92,60.8,82.0,90.0,6.93
whitehorse,1595487385.0,60.72,-135.05,55.4,82.0,75.0,2.24
korla,1595487385.0,41.76,86.15,84.0,27.0,40.0,2.33
palmer,1595487385.0,42.16,-72.33,73.4,100.0,40.0,4.03
dikson,1595487385.0,73.51,80.55,40.84,87.0,51.0,10.85
izsofalva,1595487192.0,48.3,20.67,66.2,72.0,99.0,4.7
shu,1595487386.0,43.6,73.76,97.07,12.0,100.0,2.8
hudson bay,1595487193.0,52.85,-102.38,66.2,86.0,3.0,10.6
kirakira,1595487193.0,-10.45,161.92,79.61,83.0,100.0,13.87
jorpeland,1595487386.0,59.02,6.04,55.99,71.0,93.0,4.7
mmabatho,1595487193.0,-25.85,25.63,48.2,23.0,0.0,5.82
katsuura,1595487387.0,35.13,140.3,75.99,86.0,100.0,1.99
maltahohe,1595487194.0,-24.83,16.98,52.79,36.0,0.0,5.77
esil,1595487194.0,51.96,66.4,79.25,51.0,54.0,21.21
husavik,1595487387.0,66.04,-17.34,46.4,87.0,90.0,8.05
son la,1595487179.0,21.32,103.9,89.15,54.0,34.0,0.29
souillac,1595487388.0,-20.52,57.52,73.4,53.0,75.0,14.99
lasa,1595487388.0,46.62,10.7,53.6,93.0,40.0,5.82
chimore,1595487388.0,-16.98,-65.13,73.9,76.0,90.0,1.28
atuona,1595487388.0,-9.8,-139.03,79.48,72.0,42.0,18.3
comodoro rivadavia,1595487388.0,-45.87,-67.5,26.6,92.0,0.0,3.36
hilo,1595487094.0,19.73,-155.09,77.0,69.0,75.0,4.7
mar del plata,1595487286.0,-38.0,-57.56,53.6,100.0,90.0,10.29
oxelosund,1595487388.0,58.67,17.1,55.4,62.0,0.0,10.29
awjilah,1595487389.0,29.11,21.29,81.39,38.0,0.0,13.56
takoradi,1595487389.0,4.88,-1.76,75.2,88.0,100.0,7.47
khandyga,1595487389.0,62.67,135.6,80.28,32.0,0.0,4.59
yellowknife,1595487196.0,62.46,-114.35,62.6,100.0,40.0,3.83
thompson,1595487196.0,55.74,-97.86,68.0,72.0,40.0,4.7
coquimbo,1595487389.0,-29.95,-71.34,48.2,87.0,1.0,1.12
lagos,1595487389.0,6.58,3.75,75.2,94.0,40.0,2.24
bambous virieux,1595487389.0,-20.34,57.76,75.0,53.0,75.0,14.99
aklavik,1595487390.0,68.22,-135.01,50.0,61.0,20.0,5.82
manoel urbano,1595487196.0,-8.84,-69.26,70.68,80.0,28.0,0.72
kaeo,1595487196.0,-35.1,173.78,52.0,3.0,99.0,3.0
buala,1595487390.0,-8.14,159.59,81.86,77.0,95.0,11.56
vila velha,1595487390.0,-20.33,-40.29,62.6,100.0,0.0,2.24
panguna,1595487197.0,-6.32,155.48,73.49,92.0,90.0,2.08
kirensk,1595487390.0,57.79,108.11,77.79,39.0,93.0,8.1
te anau,1595487391.0,-45.42,167.72,34.18,89.0,2.0,3.56
klaksvik,1595487391.0,62.23,-6.59,48.2,93.0,94.0,6.91
saint-joseph,1595487391.0,-21.37,55.62,66.2,88.0,75.0,23.04
oktyabrskiy,1595487391.0,54.48,53.47,62.78,91.0,100.0,10.56
aromashevo,1595487391.0,56.86,68.64,69.57,46.0,0.0,13.18
codrington,1595487391.0,-38.27,141.97,50.63,69.0,100.0,2.89
arraial do cabo,1595487198.0,-22.97,-42.03,69.55,89.0,0.0,10.71
zigong,1595487198.0,29.34,104.78,83.77,79.0,98.0,5.01
saskylakh,1595487384.0,71.92,114.08,51.71,87.0,100.0,15.84
pandan,1595487392.0,14.05,124.17,87.94,65.0,75.0,6.98
okaihau,1595487392.0,-35.32,173.78,52.0,3.0,97.0,3.0
buraydah,1595487392.0,26.33,43.98,98.6,35.0,40.0,9.17
nikolskoye,1595487392.0,59.7,30.79,60.8,63.0,40.0,17.9
sitka,1595487393.0,57.05,-135.33,55.4,93.0,90.0,5.82
kodiak,1595487393.0,57.79,-152.41,60.8,55.0,1.0,13.87
half moon bay,1595487393.0,37.46,-122.43,59.0,93.0,90.0,5.82
srednekolymsk,1595487393.0,67.45,153.68,88.81,23.0,76.0,4.99
valente,1595487199.0,-11.41,-39.46,63.05,100.0,55.0,4.74
bethel,1595487149.0,41.37,-73.41,71.6,94.0,1.0,3.65
tadine,1595487382.0,-21.55,167.88,68.95,75.0,77.0,15.82
mariental,1595487394.0,-24.63,17.97,52.92,38.0,0.0,7.43
olga,1595487394.0,43.74,135.29,69.53,71.0,66.0,5.26
troitskoye,1595487394.0,52.98,84.68,72.32,47.0,72.0,4.54
kodinsk,1595487394.0,58.69,99.18,73.67,36.0,0.0,12.28
pitimbu,1595487394.0,-7.47,-34.81,73.92,80.0,21.0,11.7
longyearbyen,1595487200.0,78.22,15.64,46.4,87.0,75.0,3.36
ahipara,1595487394.0,-35.17,173.17,56.14,77.0,100.0,10.98
zhigansk,1595487395.0,66.77,123.37,68.92,57.0,0.0,15.99
saldanha,1595487395.0,-33.01,17.94,48.2,87.0,0.0,1.12
xichang,1595487201.0,27.9,102.26,81.09,59.0,88.0,5.44
kidal,1595487201.0,18.44,1.41,91.24,34.0,0.0,13.78
torbay,1595487395.0,47.67,-52.73,60.01,82.0,40.0,13.87
teya,1595487395.0,60.38,92.63,59.94,75.0,95.0,8.03
kavaratti,1595487395.0,10.57,72.64,84.2,79.0,90.0,3.36
mahebourg,1595487390.0,-20.41,57.7,73.4,53.0,75.0,14.99
betare oya,1595487202.0,5.6,14.08,68.04,96.0,100.0,4.59
nanortalik,1595487396.0,60.14,-45.24,48.2,81.0,100.0,5.79
lebu,1595487202.0,-37.62,-73.65,44.26,77.0,49.0,4.5
yeniseysk,1595487396.0,58.45,92.17,62.17,79.0,41.0,8.03
suraabad,1595487202.0,40.82,49.47,89.6,31.0,20.0,11.41
wattegama,1595487397.0,6.8,81.48,80.6,94.0,75.0,6.93
jinhua,1595487397.0,29.11,119.65,94.64,55.0,100.0,10.27
boundiali,1595487202.0,9.52,-6.49,70.63,97.0,100.0,5.28
kavieng,1595487397.0,-2.57,150.8,84.38,74.0,9.0,11.86
west odessa,1595487397.0,31.84,-102.5,80.6,54.0,1.0,10.29
port antonio,1595487397.0,18.18,-76.46,82.4,74.0,20.0,8.05
pamanukan,1595487398.0,-6.28,107.81,88.79,53.0,68.0,10.76
sola,1595487398.0,-13.88,167.55,80.6,69.0,90.0,10.29
bousse,1595487203.0,12.66,-1.89,78.8,88.0,30.0,4.7
jamestown,1595487203.0,42.1,-79.24,71.01,100.0,90.0,8.05
tuatapere,1595487398.0,-46.13,167.68,39.0,83.0,81.0,3.0
esperance,1595487203.0,-33.87,121.9,60.8,55.0,75.0,27.51
carutapera,1595487398.0,-1.2,-46.02,74.05,91.0,3.0,4.61
praia da vitoria,1595487399.0,38.73,-27.07,64.4,88.0,20.0,0.98
erzin,1595487399.0,36.96,36.2,82.99,85.0,4.0,1.01
nieuw nickerie,1595487204.0,5.95,-56.98,75.33,90.0,100.0,8.25
qarchi gak,1595487204.0,37.04,66.79,102.2,11.0,0.0,4.7
lagoa,1595487204.0,39.05,-27.98,68.86,70.0,0.0,0.54
severo-kurilsk,1595487399.0,50.68,156.12,51.24,89.0,87.0,1.99
wenling,1595487399.0,28.37,121.36,95.0,41.0,100.0,9.44
eureka,1595487400.0,40.8,-124.16,57.0,100.0,65.0,2.75
bogorodskoye,1595487400.0,56.55,37.88,54.46,86.0,100.0,10.78
naryan-mar,1595487205.0,67.67,53.09,78.66,45.0,0.0,14.97
robertsport,1595487205.0,6.75,-11.37,75.92,90.0,100.0,10.63
coihueco,1595487205.0,-36.62,-71.83,41.0,80.0,44.0,4.7
seoul,1595487132.0,37.57,126.98,71.6,94.0,90.0,3.36
thunder bay,1595487365.0,48.4,-89.32,55.99,100.0,5.0,4.7
chuy,1595487401.0,-33.7,-53.46,63.97,96.0,100.0,7.52
aki,1595487401.0,33.5,133.9,82.4,88.0,75.0,8.05
yaan,1595487401.0,7.38,8.57,73.51,92.0,100.0,8.16
flinders,1595487401.0,-34.58,150.86,60.01,75.0,22.0,5.01
alyangula,1595487401.0,-13.85,136.42,80.6,51.0,11.0,8.05
miri,1595487206.0,4.41,114.01,87.8,74.0,40.0,9.17
trofors,1595487401.0,65.53,13.41,51.8,76.0,75.0,9.17
kaya,1595487402.0,13.09,-1.08,80.26,69.0,85.0,11.88
bengkulu,1595487402.0,-3.8,102.27,84.07,71.0,48.0,7.11
port blair,1595487207.0,11.67,92.75,85.96,66.0,34.0,6.06
bonnyville,1595487207.0,54.27,-110.73,62.6,82.0,20.0,1.1
maine-soroa,1595487207.0,13.21,12.02,83.82,57.0,13.0,11.88
nome,1595487402.0,64.5,-165.41,48.2,81.0,20.0,18.34
novokayakent,1595487402.0,42.39,47.99,89.6,35.0,57.0,13.42
luderitz,1595487402.0,-26.65,15.16,60.8,36.0,0.0,1.12
moron,1595487277.0,-34.65,-58.62,57.99,93.0,90.0,4.7
sao filipe,1595487403.0,14.9,-24.5,78.96,81.0,0.0,4.61
rovnoye,1595487403.0,50.78,46.05,72.9,59.0,0.0,12.62
bubaque,1595487403.0,11.28,-15.83,80.89,83.0,100.0,16.35
tyup,1595487403.0,42.73,78.36,72.48,31.0,2.0,12.12
batagay,1595487403.0,67.63,134.63,84.33,28.0,100.0,6.67
maldonado,1595487403.0,-34.67,-54.92,57.99,100.0,90.0,1.12
geraldton,1595487404.0,-28.77,114.6,66.2,59.0,75.0,14.99
flers,1595487208.0,48.74,-0.57,57.2,76.0,96.0,2.53
faanui,1595487404.0,-16.48,-151.75,77.05,78.0,0.0,19.19
georgetown,1595487404.0,5.41,100.34,87.8,62.0,20.0,8.05
juba,1595487404.0,4.85,31.58,73.36,85.0,94.0,3.02
bluff,1595487209.0,-46.6,168.33,39.0,83.0,42.0,3.0
rio branco,1595487404.0,-9.97,-67.81,69.8,100.0,0.0,2.24
abu kamal,1595487405.0,34.45,40.92,97.03,19.0,0.0,6.17
katangli,1595487209.0,51.71,143.23,50.76,88.0,100.0,11.61
barra do corda,1595487124.0,-5.5,-45.25,70.23,70.0,99.0,2.64
wright,1595487210.0,45.18,-93.95,57.0,100.0,0.0,3.44
jumla,1595487405.0,29.27,82.18,78.01,93.0,61.0,1.01
namibe,1595487210.0,-15.2,12.15,73.62,44.0,0.0,4.74
lavrentiya,1595487405.0,65.58,-171.0,54.48,57.0,100.0,8.41
jiwani,1595487210.0,25.05,61.74,86.0,74.0,1.0,12.88
tigil,1595487406.0,57.8,158.67,61.11,60.0,100.0,10.89
kaitangata,1595487211.0,-46.28,169.85,39.0,73.0,8.0,8.01
barrow,1595487406.0,71.29,-156.79,42.8,87.0,90.0,8.05
padang,1595487406.0,-0.95,100.35,84.2,70.0,20.0,6.93
luena,1595487211.0,-11.78,19.92,61.16,36.0,0.0,8.32
bandarbeyla,1595487407.0,9.49,50.81,86.43,47.0,47.0,29.53
victoria,1595487407.0,22.29,114.16,93.2,56.0,20.0,11.41
la ronge,1595487407.0,55.1,-105.28,62.6,93.0,40.0,3.22
banka,1595487407.0,24.88,86.92,91.67,58.0,51.0,2.53
catamarca,1595487278.0,-28.47,-65.79,48.99,73.0,60.0,1.99
opuwo,1595487212.0,-18.06,13.84,58.14,34.0,8.0,12.55
amapa,1595487408.0,1.0,-52.0,69.44,98.0,90.0,1.21
odesskoye,1595487408.0,54.21,72.97,74.12,53.0,38.0,7.52
cap malheureux,1595487408.0,-19.98,57.61,75.0,50.0,0.0,7.0
henties bay,1595487212.0,-22.12,14.28,70.72,25.0,0.0,13.78
itarema,1595487408.0,-2.92,-39.92,74.77,85.0,0.0,10.94
erenhot,1595487408.0,43.65,111.98,91.8,20.0,98.0,9.73
faya,1595487213.0,18.39,42.45,82.4,26.0,0.0,6.93
yarmouth,1595487409.0,41.71,-70.23,77.0,88.0,90.0,6.93
san vicente,1595487409.0,-26.62,-54.13,61.7,85.0,94.0,3.67
rocha,1595487409.0,-34.48,-54.33,64.29,96.0,100.0,5.68
mayya,1595487409.0,61.73,130.28,80.6,34.0,2.0,2.24
ciudad bolivar,1595487409.0,8.12,-63.55,75.54,88.0,100.0,8.37
isangel,1595487213.0,-19.55,169.27,69.8,94.0,75.0,4.7
vaitape,1595487148.0,-16.52,-151.75,77.9,76.0,0.0,19.26
bonthe,1595487410.0,7.53,-12.51,76.17,89.0,98.0,5.03
rio grande city,1595487214.0,26.38,-98.82,82.99,79.0,0.0,9.4
pakokku,1595487214.0,21.33,95.1,94.48,48.0,100.0,13.8
tokmak,1595487214.0,47.25,35.71,72.34,45.0,0.0,7.61
quebo,1595487214.0,11.33,-14.93,75.13,95.0,100.0,4.65
hofn,1595487214.0,64.25,-15.21,49.91,81.0,100.0,10.83
abu samrah,1595487214.0,35.3,37.18,89.42,29.0,0.0,5.21
eau claire,1595487410.0,44.81,-91.5,59.0,93.0,1.0,3.36
alofi,1595487411.0,-19.06,-169.92,73.4,94.0,77.0,11.41
hamilton,1595487164.0,39.18,-84.53,75.0,88.0,1.0,4.7
saint-pierre,1595487402.0,-21.34,55.48,66.2,88.0,75.0,23.04
mabaruma,1595487411.0,8.2,-59.78,75.34,94.0,100.0,3.89
kastamonu,1595487150.0,41.5,33.67,66.2,59.0,0.0,6.93
ambilobe,1595487215.0,-13.2,49.05,75.58,43.0,100.0,3.24
groa,1595487411.0,62.65,8.72,48.2,93.0,75.0,10.29
sabrum,1595487411.0,23.0,91.73,82.6,88.0,100.0,8.57
chililabombwe,1595487412.0,-12.36,27.82,61.12,53.0,0.0,8.55
dunedin,1595487412.0,-45.87,170.5,41.0,77.0,0.0,5.99
ust-ilimsk,1595487412.0,58.0,102.66,74.93,39.0,23.0,10.58
kathu,1595487412.0,7.92,98.33,89.01,56.0,2.0,4.03
calgary,1595487120.0,51.05,-114.09,64.4,88.0,75.0,8.05
sioux lookout,1595487412.0,50.1,-91.92,59.0,100.0,5.0,2.24
catuday,1595487412.0,16.29,119.81,86.38,70.0,20.0,5.12
gweta,1595487216.0,-20.18,25.23,57.87,48.0,0.0,14.29
haapiti,1595487413.0,-17.57,-149.87,75.2,78.0,20.0,4.7
avera,1595487217.0,33.19,-82.53,75.2,79.0,1.0,4.63
hovd,1595487413.0,48.01,91.64,73.98,40.0,59.0,9.37
cabra,1595487413.0,37.47,-4.44,78.01,60.0,0.0,2.39
dukat,1595487413.0,62.55,155.55,70.07,26.0,97.0,7.63
monterey,1595487217.0,36.25,-121.25,62.6,77.0,90.0,4.7
pochutla,1595487413.0,15.74,-96.47,78.01,82.0,100.0,3.04
bhag,1595487414.0,29.04,67.82,103.98,30.0,0.0,3.0
la rioja,1595487414.0,42.25,-2.5,69.8,77.0,40.0,10.29
sainte-marie,1595487414.0,-20.9,55.55,73.4,56.0,2.0,12.75
riesi,1595487414.0,37.28,14.08,84.0,36.0,0.0,3.02
carbondale,1595487414.0,37.73,-89.22,73.4,94.0,1.0,3.36
mount isa,1595487402.0,-20.73,139.5,77.0,23.0,0.0,8.05
mackay,1595487414.0,-21.15,149.2,68.0,77.0,90.0,12.75
poum,1595487218.0,-20.23,164.02,72.16,71.0,35.0,13.4
deputatskiy,1595487415.0,69.3,139.9,80.64,30.0,44.0,4.7
scalea,1595487415.0,39.81,15.8,79.0,49.0,0.0,3.0
vikindu,1595487415.0,-7.01,39.3,73.4,83.0,40.0,11.41
frolovo,1595487415.0,49.77,43.66,73.0,49.0,9.0,11.01
cabo san lucas,1595487125.0,22.89,-109.91,82.0,69.0,3.0,10.65
asau,1595487219.0,46.43,26.4,69.8,83.0,40.0,5.82
mamallapuram,1595487415.0,12.63,80.17,91.4,59.0,75.0,9.17
berezovka,1595487415.0,53.72,25.5,58.14,68.0,100.0,8.9
pushkin,1595487416.0,59.69,30.34,60.8,63.0,40.0,17.9
batemans bay,1595487219.0,-35.72,150.18,53.01,84.0,92.0,1.01
leningradskiy,1595487416.0,69.38,178.42,63.1,46.0,100.0,7.14
ulaangom,1595487220.0,49.98,92.07,70.59,57.0,53.0,8.08
mount gambier,1595487336.0,-37.83,140.77,48.2,70.0,90.0,8.05
misratah,1595487416.0,32.38,15.09,79.74,64.0,0.0,10.6
moose factory,1595487417.0,51.26,-80.61,42.8,100.0,1.0,1.39
nova olimpia,1595487184.0,-14.8,-57.29,66.24,41.0,0.0,2.51
ilulissat,1595487417.0,69.22,-51.1,48.2,70.0,95.0,1.12
kurilsk,1595487417.0,45.23,147.88,57.43,93.0,100.0,7.16
sorong,1595487417.0,-0.88,131.25,83.34,75.0,100.0,2.89
brenes,1595487417.0,37.55,-5.87,75.99,83.0,0.0,3.36
pompeia,1595487417.0,-22.11,-50.17,62.26,65.0,100.0,5.57
kilemary,1595487417.0,56.78,46.87,65.16,90.0,70.0,6.89
camacupa,1595487418.0,-12.02,17.48,55.58,40.0,0.0,5.17
hudiksvall,1595487221.0,61.73,17.1,58.17,50.0,36.0,16.71
cabatuan,1595487418.0,10.88,122.49,89.33,65.0,100.0,6.87
nayoro,1595487418.0,44.35,142.46,67.51,73.0,98.0,8.77
cerqueira cesar,1595487418.0,-23.04,-49.17,59.65,73.0,100.0,5.48
dehui,1595487222.0,44.53,125.7,93.2,38.0,0.0,8.95
ust-nera,1595487419.0,64.57,143.2,84.07,29.0,83.0,3.74
berlevag,1595487419.0,70.86,29.09,48.2,100.0,90.0,9.17
kruisfontein,1595487419.0,-34.0,24.73,62.96,33.0,0.0,4.88
airai,1595487419.0,-8.93,125.41,67.95,61.0,73.0,4.85
rieti,1595487419.0,42.41,12.86,73.0,51.0,0.0,5.82
buluang,1595487419.0,13.31,123.34,88.61,66.0,75.0,2.37
bereda,1595487419.0,43.27,-7.54,59.0,95.0,92.0,3.0
lorengau,1595487419.0,-2.02,147.27,84.07,74.0,98.0,7.7
ostroleka,1595487420.0,53.09,21.58,57.2,76.0,98.0,5.82
ixtapa,1595487420.0,20.7,-105.2,77.94,80.0,100.0,1.34
pisco,1595487420.0,-13.7,-76.22,59.0,82.0,34.0,4.7
beloha,1595487223.0,-25.17,45.05,64.49,69.0,86.0,17.0
mudgee,1595487420.0,-32.59,149.59,61.0,41.0,0.0,1.12
dingle,1595487420.0,11.0,122.67,89.22,64.0,100.0,7.49
save,1595487420.0,8.04,2.49,72.14,94.0,100.0,6.44
sorland,1595487421.0,67.67,12.69,53.6,81.0,75.0,20.8
san jeronimo,1595487224.0,-11.95,-75.28,44.51,65.0,0.0,0.54
marienburg,1595487224.0,54.04,19.03,64.0,67.0,20.0,14.99
waingapu,1595487421.0,-9.66,120.26,82.26,51.0,0.0,18.79
murmino,1595487421.0,54.6,40.05,64.99,59.0,0.0,5.99
ribeira grande,1595487421.0,38.52,-28.7,64.4,77.0,16.0,5.82
kantunilkin,1595487421.0,21.09,-87.45,82.4,83.0,40.0,10.29
boshkengash,1595487224.0,38.47,68.81,96.8,19.0,0.0,2.24
angoche,1595487422.0,-16.23,39.91,74.55,62.0,86.0,13.09
almaznyy,1595487422.0,48.04,40.05,73.4,38.0,20.0,8.95
aleksandrovskoye,1595487422.0,44.71,43.0,82.4,34.0,0.0,6.71
guerrero negro,1595487422.0,27.98,-114.06,64.83,88.0,20.0,10.29
klyuchi,1595487225.0,52.27,79.17,78.06,37.0,24.0,5.91
kolokani,1595487422.0,13.57,-8.03,72.55,89.0,100.0,6.42
igunga,1595487423.0,-4.28,33.88,73.27,48.0,91.0,9.82
leninsk,1595487225.0,48.71,45.2,78.8,47.0,40.0,11.18
ginir,1595487423.0,7.13,40.7,59.04,92.0,99.0,11.68
edwardsville,1595487265.0,38.81,-89.95,75.2,100.0,90.0,4.79
kedrovyy,1595487423.0,56.17,91.82,68.0,40.0,96.0,15.66
yulara,1595487423.0,-25.24,130.99,68.0,20.0,0.0,8.05
tuktoyaktuk,1595487423.0,69.45,-133.04,41.92,75.0,0.0,5.57
mezhova,1595487423.0,48.25,36.73,69.13,48.0,0.0,8.79
mandalgovi,1595487423.0,45.76,106.27,86.63,23.0,100.0,19.6
jodhpur,1595487227.0,26.29,73.03,97.99,41.0,73.0,13.35
tshikapa,1595487424.0,-6.42,20.8,78.71,25.0,0.0,5.23
volokolamsk,1595487424.0,56.03,35.97,53.8,89.0,100.0,7.47
izoplit,1595487424.0,56.63,36.22,53.19,94.0,100.0,8.66
hirara,1595487424.0,24.8,125.28,91.4,63.0,75.0,8.05
fortuna,1595487424.0,40.6,-124.16,55.99,100.0,90.0,4.7
vila,1595487424.0,42.03,-8.16,68.0,81.0,0.0,1.61
ordynskoye,1595487424.0,54.37,81.9,66.52,66.0,71.0,2.48
muborak,1595487425.0,39.26,65.15,105.17,9.0,0.0,7.54
lovozero,1595487229.0,68.0,35.01,68.38,69.0,95.0,19.28
campechuela,1595487425.0,20.23,-77.28,77.27,87.0,96.0,3.8
surab,1595487425.0,28.49,66.26,89.31,17.0,0.0,10.02
ballarat,1595487425.0,-37.57,143.85,51.01,60.0,80.0,1.1
nelson bay,1595487425.0,-32.72,152.15,60.01,77.0,20.0,8.05
zhongxing,1595487425.0,33.7,118.68,82.76,72.0,46.0,12.82
thongwa,1595487425.0,16.76,96.53,84.2,79.0,75.0,2.24
siraha,1595487231.0,26.65,86.21,91.98,58.0,5.0,12.53
conde,1595487426.0,-7.26,-34.91,69.8,89.0,3.0,9.26
shwebo,1595487426.0,22.57,95.7,88.72,63.0,100.0,10.11
kyren,1595487426.0,51.68,102.14,72.59,52.0,30.0,5.66
nguruka,1595487426.0,-5.11,31.04,73.04,44.0,99.0,9.71
taveta,1595487426.0,-3.4,37.67,68.0,77.0,75.0,11.41
waipawa,1595487426.0,-41.41,175.52,55.4,43.0,29.0,17.22
la asuncion,1595487332.0,11.03,-63.86,68.0,100.0,9.0,8.05
san patricio,1595487427.0,19.22,-104.7,77.81,85.0,52.0,4.61
prince rupert,1595487140.0,54.32,-130.32,55.4,93.0,90.0,3.36
shimoda,1595487427.0,34.67,138.95,80.6,78.0,75.0,12.75
wanganui,1595487427.0,-39.93,175.05,53.01,63.0,78.0,34.0
nhulunbuy,1595487427.0,-12.23,136.77,78.8,65.0,75.0,14.99
talbahat,1595487427.0,25.05,78.43,96.93,37.0,100.0,7.38
sarangani,1595487427.0,5.4,125.46,82.83,74.0,71.0,9.42
paamiut,1595487428.0,61.99,-49.67,47.98,87.0,100.0,1.92
kholm,1595487234.0,59.27,32.85,60.06,60.0,100.0,10.04
santa helena de goias,1595487428.0,-17.81,-50.6,64.15,49.0,0.0,0.65
iqaluit,1595487234.0,63.75,-68.51,48.2,81.0,90.0,10.29
chama,1595487428.0,47.18,8.46,66.2,82.0,75.0,0.94
viransehir,1595487428.0,37.24,39.76,100.0,19.0,0.0,13.51
mae sai,1595487429.0,20.43,99.88,88.48,58.0,46.0,3.58
bowen,1595487429.0,-20.02,148.23,69.8,73.0,90.0,17.22
ashqelon,1595487429.0,31.67,34.57,82.99,58.0,0.0,1.99
mgachi,1595487236.0,51.05,142.27,62.02,75.0,100.0,2.98
oistins,1595487429.0,13.07,-59.53,80.6,69.0,20.0,17.22
puri,1595487429.0,19.8,85.85,84.2,83.0,75.0,13.87
kutum,1595487429.0,14.2,24.67,76.23,59.0,99.0,17.13
chifeng,1595487236.0,42.27,118.96,91.53,25.0,0.0,10.09
kijang,1595487430.0,35.24,129.21,73.4,83.0,90.0,4.7
sturgis,1595487430.0,41.8,-85.42,71.6,100.0,1.0,4.74
mayskiy,1595487430.0,47.69,40.1,73.4,38.0,20.0,8.95
jieshi,1595487237.0,22.81,115.83,88.29,67.0,0.0,10.45
ahuimanu,1595487430.0,21.44,-157.84,78.8,69.0,20.0,6.93
zalantun,1595487430.0,48.0,122.72,99.14,18.0,0.0,9.28
hasaki,1595487430.0,35.73,140.83,75.0,94.0,75.0,4.7
gazli,1595487430.0,40.13,63.45,104.74,11.0,0.0,15.77
sakakah,1595487431.0,29.97,40.21,96.8,8.0,20.0,3.36
svobodnyy,1595487431.0,51.4,128.13,67.77,96.0,100.0,14.45
komsomolskiy,1595487431.0,40.43,71.72,87.8,29.0,84.0,6.93
barabash,1595487431.0,43.2,131.48,75.2,73.0,75.0,6.71
maniitsoq,1595487431.0,65.42,-52.9,53.64,69.0,89.0,5.44
wageningen,1595487239.0,51.97,5.67,61.0,82.0,90.0,2.24
galbshtadt,1595487431.0,53.23,78.98,73.09,54.0,61.0,10.58
ambovombe,1595487432.0,-25.17,46.08,65.16,72.0,67.0,20.69
aswan,1595487356.0,24.09,32.91,96.98,21.0,0.0,16.84
songkhla,1595487240.0,6.83,100.67,85.48,78.0,100.0,1.92
roald,1595487432.0,62.58,6.13,51.8,76.0,75.0,4.7
ugoofaaru,1595487432.0,5.67,73.0,83.17,77.0,100.0,18.14
marawi,1595487432.0,8.0,124.29,84.99,77.0,51.0,5.01
bac lieu,1595487432.0,9.29,105.72,88.38,62.0,100.0,6.76
cay,1595487432.0,38.59,31.03,69.8,40.0,0.0,14.99
egvekinot,1595487241.0,66.32,-179.17,64.06,48.0,100.0,12.1
tezu,1595487241.0,27.92,96.17,76.95,86.0,100.0,1.36
san lorenzo,1595487433.0,-25.33,-57.53,65.73,60.0,0.0,8.01
chulym,1595487433.0,55.1,80.96,62.73,60.0,15.0,5.97
oranjestad,1595487433.0,12.52,-70.03,81.34,80.0,78.0,21.74
nouadhibou,1595487433.0,20.93,-17.03,69.8,88.0,0.0,14.99
north bend,1595487242.0,43.41,-124.22,55.99,100.0,90.0,5.82
balasheyka,1595487433.0,53.28,48.09,73.9,59.0,0.0,8.28
ihosy,1595487243.0,-22.4,46.12,62.1,53.0,0.0,16.02
manavgat,1595487434.0,36.79,31.44,93.2,21.0,0.0,13.87
tay ninh,1595487206.0,11.3,106.1,90.66,57.0,100.0,2.39
khamamatyurt,1595487243.0,43.61,46.5,87.8,33.0,8.0,6.71
agropoli,1595487434.0,40.35,15.0,79.0,79.0,0.0,1.99
la paz,1595487434.0,-16.5,-68.15,30.2,100.0,20.0,2.24
plotnikovo,1595487434.0,55.02,85.94,55.4,100.0,40.0,11.18
litovko,1595487435.0,49.24,135.17,74.39,81.0,100.0,6.8
bakal,1595487435.0,54.94,58.81,56.21,94.0,100.0,12.64
jacksonville,1595487207.0,30.33,-81.66,80.6,83.0,20.0,8.05
labuhan,1595487435.0,-6.88,112.21,86.5,59.0,33.0,5.06
orocue,1595487435.0,4.79,-71.34,74.77,87.0,100.0,1.68
northam,1595487435.0,51.03,-4.22,60.01,92.0,100.0,5.99
cayenne,1595487424.0,4.93,-52.33,73.4,100.0,90.0,4.18
heidenheim,1595487436.0,48.68,10.15,64.99,59.0,89.0,3.67
saint-augustin,1595487436.0,51.23,-58.65,55.85,73.0,1.0,7.78
praya,1595487374.0,14.92,-23.51,77.0,88.0,20.0,5.82
laguna,1595487436.0,38.42,-121.42,62.6,77.0,1.0,5.82
las vegas,1595487200.0,36.17,-115.14,96.8,7.0,1.0,13.87
san antonio,1595487429.0,29.42,-98.49,82.4,74.0,1.0,8.05
carmen de apicala,1595487436.0,4.15,-74.72,72.45,80.0,83.0,2.46
atchison,1595487436.0,39.56,-95.12,77.0,69.0,1.0,8.05
tahta,1595487437.0,26.77,31.5,86.0,51.0,0.0,9.17
nioro,1595487437.0,13.35,-15.75,77.07,88.0,65.0,8.61
brigantine,1595487437.0,39.41,-74.36,75.2,88.0,1.0,4.7
tura,1595487437.0,25.52,90.22,83.59,84.0,92.0,4.25
gazojak,1595487437.0,41.19,61.4,99.45,17.0,100.0,10.87
belaya gora,1595487437.0,68.53,146.42,93.96,25.0,0.0,10.07
pombal,1595487438.0,-6.77,-37.8,66.63,79.0,0.0,1.63
luwuk,1595487248.0,-0.95,122.79,82.09,72.0,69.0,7.18
vilyuysk,1595487438.0,63.76,121.62,76.26,50.0,98.0,5.84
takaka,1595487248.0,-40.85,172.8,46.99,62.0,0.0,3.0
filadelfia,1595487143.0,39.95,-75.16,75.2,88.0,40.0,9.17
hobyo,1595487438.0,5.35,48.53,81.75,60.0,15.0,27.85
taoudenni,1595487438.0,22.68,-3.98,99.61,21.0,99.0,4.25
sao joao da barra,1595487439.0,-21.64,-41.05,70.09,87.0,0.0,10.45
plettenberg bay,1595487153.0,-34.05,23.37,62.98,43.0,0.0,1.86
talnakh,1595487439.0,69.49,88.4,55.4,62.0,75.0,26.84
kupang,1595487250.0,-10.17,123.58,86.0,37.0,20.0,20.8
madang,1595487250.0,-5.22,145.8,82.89,76.0,12.0,7.05
grand gaube,1595487250.0,-20.01,57.66,75.0,50.0,0.0,7.0
issia,1595487439.0,6.49,-6.59,70.47,98.0,100.0,2.89
iskateley,1595487439.0,67.68,53.15,78.57,45.0,0.0,14.92
draguignan,1595487251.0,43.53,6.47,77.0,65.0,86.0,3.36
banff,1595487440.0,51.18,-115.57,60.01,94.0,22.0,1.01
cherskiy,1595487398.0,68.75,161.3,83.08,27.0,6.0,10.09
batsfjord,1595487440.0,70.63,29.72,48.2,100.0,90.0,6.93
lunenburg,1595487374.0,44.38,-64.32,66.99,94.0,100.0,3.09
yining,1595487440.0,29.04,114.56,96.93,44.0,8.0,4.81
namanga,1595487252.0,-2.54,36.79,69.06,58.0,52.0,8.75
kiunga,1595487252.0,-6.12,141.29,82.65,77.0,86.0,2.68
nienburg,1595487440.0,52.63,9.22,60.8,63.0,40.0,3.36
neuquen,1595487441.0,-38.95,-68.06,37.4,86.0,75.0,6.93
port hawkesbury,1595487252.0,45.62,-61.35,63.0,100.0,90.0,4.7
dangriga,1595487441.0,16.97,-88.23,84.0,85.0,100.0,1.01
porbandar,1595487441.0,21.64,69.61,86.54,71.0,100.0,13.8
gobabis,1595487305.0,-22.45,18.97,44.6,42.0,0.0,4.7
aiken,1595487254.0,33.58,-81.6,75.99,88.0,1.0,4.7
limbang,1595487441.0,4.75,115.0,87.8,70.0,75.0,9.17
acari,1595487441.0,-15.43,-74.62,58.82,69.0,19.0,3.29
simao,1595487442.0,22.79,100.97,76.48,83.0,100.0,3.0
naliya,1595487442.0,23.27,68.83,89.83,63.0,56.0,17.92
caucaia,1595487180.0,-3.74,-38.65,78.8,78.0,75.0,8.05
honningsvag,1595487442.0,70.98,25.97,48.2,93.0,75.0,10.29
ponta do sol,1595487403.0,32.67,-17.1,68.0,68.0,20.0,9.17
kamaishi,1595487442.0,39.27,141.88,86.0,51.0,40.0,8.05
walvis bay,1595487256.0,-22.96,14.51,64.4,23.0,0.0,14.99
tapiramuta,1595487443.0,-11.85,-40.79,58.96,99.0,99.0,4.56
glace bay,1595487443.0,46.2,-59.96,63.0,82.0,75.0,3.36
great falls,1595487174.0,47.5,-111.3,73.4,38.0,1.0,9.17
murovani kurylivtsi,1595487443.0,48.72,27.52,64.99,65.0,21.0,4.0
balkanabat,1595487443.0,39.51,54.37,92.86,30.0,100.0,0.36
chardara,1595487443.0,41.25,67.97,94.82,20.0,3.0,6.76
dauriya,1595487257.0,49.93,116.87,90.77,34.0,55.0,15.95
menongue,1595487443.0,-14.66,17.69,61.21,32.0,0.0,10.25
noumea,1595487444.0,-22.28,166.46,72.0,73.0,75.0,13.87
arman,1595487444.0,59.7,150.17,62.71,59.0,40.0,5.23
portland,1595487227.0,45.52,-122.68,66.0,68.0,20.0,9.17
jimo,1595487444.0,36.39,120.46,79.0,78.0,75.0,17.9
quatre cocos,1595487258.0,-20.21,57.76,75.0,53.0,75.0,14.99
havre-saint-pierre,1595487444.0,50.23,-63.6,53.6,93.0,90.0,3.56
kudahuvadhoo,1595487444.0,2.67,72.89,82.6,73.0,100.0,11.45
monrovia,1595487356.0,6.3,-10.8,71.6,100.0,75.0,4.7
barcelona,1595487258.0,41.39,2.16,79.0,53.0,20.0,8.05
burns lake,1595487258.0,54.23,-125.75,49.68,78.0,2.0,2.37
rochegda,1595487445.0,62.8,43.25,65.73,76.0,69.0,7.25
udachnyy,1595487445.0,66.42,112.4,57.2,71.0,90.0,6.71
ormara,1595487445.0,25.21,64.64,86.43,74.0,2.0,16.35
ilhabela,1595487259.0,-23.78,-45.36,68.86,64.0,97.0,3.83
lethem,1595487445.0,3.38,-59.8,73.09,91.0,100.0,4.92
zhuzhou,1595487446.0,27.83,113.15,96.8,50.0,20.0,11.18
dongzhen,1595487446.0,22.38,110.94,96.01,39.0,68.0,8.12
kerchevskiy,1595487446.0,59.95,56.29,77.0,41.0,98.0,10.78
manbij,1595487446.0,36.53,37.95,91.4,24.0,0.0,11.41
sao raimundo nonato,1595487446.0,-9.02,-42.7,66.85,86.0,100.0,5.28
rupert,1595487446.0,42.62,-113.68,66.2,63.0,1.0,9.17
totness,1595487260.0,5.88,-56.32,76.1,88.0,100.0,8.77
kibaya,1595487261.0,-5.3,36.57,64.94,57.0,12.0,6.42
touros,1595487184.0,-5.2,-35.46,71.6,88.0,90.0,6.93
mago,1595487261.0,53.25,140.18,63.64,73.0,100.0,5.35
argelia,1595487447.0,2.26,-77.25,63.21,77.0,84.0,0.6
port hedland,1595487261.0,-20.32,118.57,78.8,41.0,0.0,18.34
ornskoldsvik,1595487261.0,63.29,18.72,55.4,58.0,100.0,23.04
warren,1595487262.0,39.43,-84.17,75.2,100.0,40.0,5.37
ko samui,1595487448.0,9.54,99.94,83.34,71.0,100.0,0.43
santiago del estero,1595487262.0,-27.8,-64.26,55.6,45.0,100.0,15.57
fort nelson,1595487448.0,58.81,-122.7,49.8,98.0,57.0,3.18
sohagpur,1595487448.0,22.7,78.2,92.8,48.0,94.0,4.79
ocos,1595487448.0,14.51,-92.19,78.78,81.0,100.0,5.26
ostrovnoy,1595487448.0,68.05,39.51,67.12,66.0,99.0,20.02
taltal,1595487448.0,-25.4,-70.48,50.74,72.0,22.0,7.76
vihti,1595487449.0,60.42,24.32,62.01,64.0,25.0,15.01
zhangye,1595487449.0,38.93,100.45,74.64,44.0,100.0,9.66
santa isabel do rio negro,1595487449.0,-0.41,-65.02,72.03,96.0,42.0,0.11
magdagachi,1595487263.0,53.45,125.8,66.11,92.0,100.0,4.79
murgab,1595487449.0,37.5,61.97,98.6,18.0,0.0,7.83
sambava,1595487248.0,-14.27,50.17,74.41,60.0,55.0,21.23
fairbanks,1595487449.0,64.84,-147.72,60.8,67.0,40.0,6.93
san ramon,1595487223.0,37.78,-121.98,61.0,82.0,1.0,8.05
progreso,1595487264.0,21.28,-89.67,77.0,88.0,40.0,4.7
dombarovskiy,1595487450.0,50.76,59.54,74.86,53.0,20.0,22.84
weligama,1595487264.0,5.97,80.42,84.47,73.0,89.0,8.93
tokur,1595487450.0,53.13,132.9,68.85,52.0,66.0,6.85
gayny,1595487265.0,60.31,54.32,73.44,51.0,100.0,9.8
vila franca do campo,1595487450.0,37.72,-25.43,59.0,82.0,20.0,4.7
marzuq,1595487451.0,14.4,46.47,82.85,47.0,0.0,9.95
le pradet,1595487451.0,43.11,6.02,79.0,65.0,10.0,3.36
kondinskoye,1595487266.0,59.65,67.41,68.34,39.0,0.0,11.21
innisfail,1595487451.0,-17.53,146.03,68.79,89.0,83.0,8.99
tiarei,1595487451.0,-17.53,-149.33,75.2,78.0,20.0,4.7
saint-leu,1595487266.0,-21.15,55.28,66.2,88.0,75.0,23.04
ballina,1595487452.0,-28.87,153.57,62.6,77.0,75.0,8.05
coolum beach,1595487267.0,-26.53,153.1,60.01,93.0,100.0,1.99
isla mujeres,1595487452.0,21.23,-86.73,82.4,83.0,40.0,10.29
lyaskelya,1595487452.0,61.77,31.02,57.96,86.0,75.0,9.66
salvador,1595487452.0,13.83,-88.92,73.4,94.0,40.0,2.24
puro,1595487452.0,12.48,123.38,89.13,61.0,71.0,4.65
varhaug,1595487452.0,58.61,5.65,55.99,77.0,36.0,1.01
yarada,1595487452.0,17.65,83.27,86.0,74.0,90.0,9.17
pilot butte,1595487453.0,50.47,-104.42,71.01,88.0,5.0,14.99
sabang,1595487268.0,5.89,95.32,83.12,72.0,99.0,11.05
aksarka,1595487453.0,66.56,67.8,61.79,48.0,95.0,7.7
hami,1595487268.0,42.8,93.45,92.86,19.0,28.0,8.79
charlestown,1595487268.0,-32.95,151.67,60.01,82.0,0.0,4.61
pangnirtung,1595487453.0,66.15,-65.71,52.86,69.0,100.0,5.93
jalu,1595487453.0,29.03,21.55,81.84,38.0,0.0,14.76
poddorye,1595487453.0,57.47,31.12,60.8,56.0,0.0,10.36
sarrebourg,1595487454.0,48.73,7.05,66.2,55.0,100.0,6.93
los llanos de aridane,1595487454.0,28.66,-17.92,69.8,83.0,20.0,16.11
