City,Country,Date,Latitude,Longitude,Max Temp (F),Humidity (%),Cloudiness (%),Wind Speed
victoria,sc,1595557722.0,22.29,114.16,91.99,66.0,71.0,8.99
vanavara,ru,1595558145.0,60.34,102.28,58.15,73.0,100.0,9.19
borzya,ru,1595558145.0,50.38,116.52,83.17,49.0,83.0,6.67
kavaratti,in,1595557724.0,10.57,72.64,82.24,80.0,100.0,12.39
rikitea,pf,1595558145.0,-23.12,-134.97,67.24,59.0,39.0,14.07
carnarvon,au,1595557557.0,-24.87,113.63,69.8,46.0,0.0,12.75
nemuro,jp,1595558146.0,43.32,145.57,64.4,93.0,75.0,5.82
cidreira,br,1595558146.0,-30.18,-50.21,64.94,82.0,92.0,8.16
port elizabeth,za,1595557692.0,-33.92,25.57,44.6,87.0,0.0,3.36
rikitea,pf,1595558145.0,-23.12,-134.97,67.24,59.0,39.0,14.07
cape town,za,1595557625.0,-33.93,18.42,55.4,62.0,0.0,2.24
lamphun,th,1595558146.0,18.25,98.92,86.0,74.0,40.0,3.36
manitouwadge,ca,1595558146.0,49.12,-85.84,56.12,78.0,26.0,5.35
punta arenas,cl,1595557417.0,-53.15,-70.92,39.2,80.0,100.0,23.04
nikel,ru,1595558147.0,69.41,30.22,53.6,93.0,38.0,10.29
rikitea,pf,1595558145.0,-23.12,-134.97,67.24,59.0,39.0,14.07
rikitea,pf,1595558145.0,-23.12,-134.97,67.24,59.0,39.0,14.07
punta arenas,cl,1595557417.0,-53.15,-70.92,39.2,80.0,100.0,23.04
punta arenas,cl,1595557417.0,-53.15,-70.92,39.2,80.0,100.0,23.04
norman wells,ca,1595557449.0,65.28,-126.83,60.8,63.0,75.0,13.87
hobart,au,1595557924.0,-42.88,147.33,52.0,62.0,75.0,9.17
andenes,no,1595557796.0,69.31,16.12,50.0,93.0,100.0,11.41
bella vista,py,1595558147.0,36.43,-94.23,82.4,74.0,1.0,4.7
obidos,br,1595558148.0,-1.92,-55.52,75.9,80.0,59.0,4.0
broome,au,1595558148.0,42.25,-75.83,71.01,88.0,20.0,3.36
mataura,pf,1595558148.0,-46.19,168.86,44.22,70.0,99.0,8.34
carnarvon,au,1595557557.0,-24.87,113.63,69.8,46.0,0.0,12.75
parainen,fi,1595558148.0,60.31,22.3,59.0,93.0,90.0,4.7
mataura,pf,1595558148.0,-46.19,168.86,44.22,70.0,99.0,8.34
esmeraldas,ec,1595558148.0,-19.76,-44.31,62.6,77.0,0.0,8.05
portland,au,1595557921.0,45.52,-122.68,73.99,49.0,20.0,6.93
chuy,uy,1595558148.0,-33.7,-53.46,64.63,95.0,83.0,5.79
busselton,au,1595558046.0,-33.65,115.33,60.01,68.0,42.0,9.37
port alfred,za,1595557701.0,-33.59,26.89,62.2,35.0,0.0,8.68
ushuaia,ar,1595558036.0,-54.8,-68.3,37.4,86.0,75.0,12.75
abeokuta,ng,1595558149.0,7.15,3.35,77.0,88.0,40.0,3.36
coquimbo,cl,1595558149.0,-29.95,-71.34,52.79,69.0,44.0,1.5
upernavik,gl,1595558149.0,72.79,-56.15,44.92,78.0,51.0,8.5
beringovskiy,ru,1595557752.0,63.05,179.32,53.13,65.0,88.0,8.5
mahebourg,mu,1595558149.0,-20.41,57.7,66.78,69.0,72.0,24.47
ushuaia,ar,1595558036.0,-54.8,-68.3,37.4,86.0,75.0,12.75
ushuaia,ar,1595558036.0,-54.8,-68.3,37.4,86.0,75.0,12.75
hilo,us,1595558150.0,19.73,-155.09,84.2,58.0,75.0,8.05
mataura,pf,1595558148.0,-46.19,168.86,44.22,70.0,99.0,8.34
lakes entrance,au,1595558150.0,-37.88,147.98,53.01,69.0,45.0,1.01
peniche,pt,1595558150.0,39.36,-9.38,64.0,85.0,0.0,7.0
chifeng,cn,1595557721.0,42.27,118.96,89.08,30.0,0.0,2.39
jamestown,sh,1595557398.0,42.1,-79.24,71.01,88.0,75.0,4.7
mataura,pf,1595558148.0,-46.19,168.86,44.22,70.0,99.0,8.34
zhangye,cn,1595558150.0,38.93,100.45,65.14,75.0,100.0,1.81
coihaique,cl,1595558151.0,-45.58,-72.07,17.6,92.0,7.0,2.24
alice springs,au,1595557680.0,-23.7,133.88,66.2,29.0,0.0,3.36
busselton,au,1595558046.0,-33.65,115.33,60.01,68.0,42.0,9.37
ushuaia,ar,1595558036.0,-54.8,-68.3,37.4,86.0,75.0,12.75
tautira,pf,1595558151.0,-17.73,-149.15,77.0,73.0,75.0,3.36
punta arenas,cl,1595557417.0,-53.15,-70.92,39.2,80.0,100.0,23.04
qaanaaq,gl,1595558151.0,77.48,-69.36,44.87,59.0,0.0,2.33
bluff,nz,1595558051.0,-46.6,168.33,46.94,72.0,100.0,26.15
providencia,mx,1595558152.0,28.72,-111.58,91.0,61.0,0.0,5.99
katsuura,jp,1595558152.0,35.13,140.3,82.0,79.0,100.0,1.01
jamestown,sh,1595557398.0,42.1,-79.24,71.01,88.0,75.0,4.7
osa,ru,1595558152.0,57.28,55.46,58.71,88.0,100.0,5.44
khailar,in,1595558152.0,25.35,78.53,88.59,54.0,0.0,6.67
albany,au,1595558152.0,42.6,-73.97,75.0,97.0,44.0,5.55
nikolskoye,ru,1595557694.0,59.7,30.79,51.01,81.0,20.0,4.47
punta arenas,cl,1595557417.0,-53.15,-70.92,39.2,80.0,100.0,23.04
east london,za,1595557695.0,-33.02,27.91,60.93,34.0,0.0,7.9
albany,au,1595558152.0,42.6,-73.97,75.0,97.0,44.0,5.55
saint-philippe,re,1595558153.0,-21.36,55.77,66.2,48.0,90.0,20.8
bambous virieux,mu,1595557702.0,-20.34,57.76,66.99,59.0,77.0,11.01
kirovsk,ru,1595558153.0,48.64,38.64,59.07,69.0,50.0,0.27
qaanaaq,gl,1595558151.0,77.48,-69.36,44.87,59.0,0.0,2.33
cabadiangan,ph,1595558153.0,9.75,122.47,83.32,75.0,100.0,3.44
comarapa,bo,1595558153.0,-17.9,-64.48,55.8,92.0,99.0,1.68
burns lake,ca,1595558143.0,54.23,-125.75,53.19,84.0,100.0,4.59
saint-philippe,re,1595558153.0,-21.36,55.77,66.2,48.0,90.0,20.8
busselton,au,1595558046.0,-33.65,115.33,60.01,68.0,42.0,9.37
thompson,ca,1595558154.0,55.74,-97.86,78.8,65.0,20.0,5.82
sechura,pe,1595558154.0,-5.56,-80.82,63.77,79.0,19.0,17.02
mataura,pf,1595558148.0,-46.19,168.86,44.22,70.0,99.0,8.34
punta arenas,cl,1595557417.0,-53.15,-70.92,39.2,80.0,100.0,23.04
mataura,pf,1595558148.0,-46.19,168.86,44.22,70.0,99.0,8.34
paramonga,pe,1595558154.0,-10.67,-77.83,61.43,86.0,96.0,7.94
srednekolymsk,ru,1595558154.0,67.45,153.68,90.05,28.0,2.0,6.46
sinnamary,gf,1595558154.0,5.38,-52.95,77.34,85.0,98.0,5.84
east london,za,1595557695.0,-33.02,27.91,60.93,34.0,0.0,7.9
grindavik,is,1595558155.0,63.84,-22.43,48.2,81.0,40.0,10.29
port alfred,za,1595557701.0,-33.59,26.89,62.2,35.0,0.0,8.68
punta arenas,cl,1595557417.0,-53.15,-70.92,39.2,80.0,100.0,23.04
great yarmouth,gb,1595558155.0,52.61,1.73,63.0,96.0,84.0,10.76
cape town,za,1595557625.0,-33.93,18.42,55.4,62.0,0.0,2.24
esperance,au,1595558155.0,-33.87,121.9,51.8,87.0,40.0,4.7
rio grande,br,1595557699.0,-32.03,-52.1,66.99,89.0,100.0,13.35
baruun-urt,mn,1595557763.0,46.68,113.28,84.18,36.0,97.0,7.72
punta arenas,cl,1595557417.0,-53.15,-70.92,39.2,80.0,100.0,23.04
hilo,us,1595558150.0,19.73,-155.09,84.2,58.0,75.0,8.05
chiredzi,zw,1595558156.0,-21.05,31.67,56.79,71.0,71.0,5.99
astana,kz,1595558156.0,51.18,71.45,66.2,82.0,75.0,11.18
ladario,br,1595558156.0,-19.0,-57.6,72.46,44.0,0.0,2.04
kahului,us,1595557738.0,20.89,-156.47,87.8,48.0,40.0,20.8
harper,lr,1595558156.0,4.38,-7.72,74.75,88.0,94.0,7.4
saskylakh,ru,1595558157.0,71.92,114.08,63.68,74.0,92.0,9.64
kavieng,pg,1595558157.0,-2.57,150.8,83.48,74.0,100.0,7.16
mahebourg,mu,1595558149.0,-20.41,57.7,66.78,69.0,72.0,24.47
albany,au,1595558152.0,42.6,-73.97,75.0,97.0,44.0,5.55
yellowknife,ca,1595558157.0,62.46,-114.35,59.0,87.0,75.0,12.75
khorol,ua,1595558157.0,49.78,33.28,56.14,85.0,100.0,3.85
husavik,is,1595557833.0,66.04,-17.34,44.6,81.0,90.0,9.17
dikson,ru,1595557716.0,73.51,80.55,42.49,88.0,0.0,2.68
ushuaia,ar,1595558036.0,-54.8,-68.3,37.4,86.0,75.0,12.75
nuuk,gl,1595558046.0,64.18,-51.72,51.8,81.0,99.0,1.43
lompoc,us,1595557883.0,34.64,-120.46,62.6,77.0,10.0,11.41
thompson,ca,1595558154.0,55.74,-97.86,78.8,65.0,20.0,5.82
shangrao,cn,1595558158.0,28.45,117.97,91.56,63.0,100.0,5.75
aksarka,ru,1595557713.0,66.56,67.8,55.22,64.0,100.0,7.76
colonia,uy,1595558158.0,50.93,6.95,69.01,67.0,88.0,1.12
bengkulu,id,1595557682.0,-3.8,102.27,78.28,82.0,97.0,2.35
qaanaaq,gl,1595558151.0,77.48,-69.36,44.87,59.0,0.0,2.33
albany,au,1595558152.0,42.6,-73.97,75.0,97.0,44.0,5.55
busselton,au,1595558046.0,-33.65,115.33,60.01,68.0,42.0,9.37
rikitea,pf,1595558145.0,-23.12,-134.97,67.24,59.0,39.0,14.07
zhigansk,ru,1595558159.0,66.77,123.37,69.46,59.0,27.0,15.99
saint-philippe,re,1595558153.0,-21.36,55.77,66.2,48.0,90.0,20.8
tasiilaq,gl,1595558159.0,65.61,-37.64,37.4,93.0,99.0,6.93
klaksvik,fo,1595557792.0,62.23,-6.59,50.0,100.0,100.0,11.41
marsh harbour,bs,1595557679.0,26.54,-77.06,83.14,76.0,0.0,16.28
sehwan,pk,1595558160.0,26.43,67.86,86.0,74.0,0.0,6.93
butere,ke,1595558160.0,0.21,34.49,66.2,82.0,75.0,3.36
cidreira,br,1595558146.0,-30.18,-50.21,64.94,82.0,92.0,8.16
half moon bay,us,1595557738.0,37.46,-122.43,72.0,87.0,90.0,5.84
hilo,us,1595558150.0,19.73,-155.09,84.2,58.0,75.0,8.05
pampa,us,1595558160.0,35.54,-100.96,78.8,73.0,1.0,14.99
arraial do cabo,br,1595557675.0,-22.97,-42.03,69.8,83.0,5.0,9.17
hermanus,za,1595558160.0,-34.42,19.23,54.0,77.0,0.0,3.0
albany,au,1595558152.0,42.6,-73.97,75.0,97.0,44.0,5.55
lompoc,us,1595557883.0,34.64,-120.46,62.6,77.0,10.0,11.41
orange cove,us,1595558161.0,36.62,-119.31,89.01,40.0,1.0,4.85
bathsheba,bb,1595558161.0,13.22,-59.52,82.4,69.0,75.0,10.29
rikitea,pf,1595558145.0,-23.12,-134.97,67.24,59.0,39.0,14.07
port alfred,za,1595557701.0,-33.59,26.89,62.2,35.0,0.0,8.68
constitucion,mx,1595558161.0,-35.33,-72.42,46.56,82.0,0.0,3.11
rikitea,pf,1595558145.0,-23.12,-134.97,67.24,59.0,39.0,14.07
saskylakh,ru,1595558157.0,71.92,114.08,63.68,74.0,92.0,9.64
ushuaia,ar,1595558036.0,-54.8,-68.3,37.4,86.0,75.0,12.75
itoman,jp,1595558162.0,26.12,127.67,87.8,79.0,75.0,11.41
hilo,us,1595558150.0,19.73,-155.09,84.2,58.0,75.0,8.05
bengkulu,id,1595557682.0,-3.8,102.27,78.28,82.0,97.0,2.35
amahai,id,1595557724.0,-3.33,128.92,80.64,78.0,60.0,7.4
cidreira,br,1595558146.0,-30.18,-50.21,64.94,82.0,92.0,8.16
barrow,us,1595558082.0,71.29,-156.79,39.2,93.0,90.0,8.05
hasaki,jp,1595557816.0,35.73,140.83,81.0,88.0,75.0,4.7
khatanga,ru,1595558163.0,71.97,102.5,43.39,92.0,100.0,16.17
jamestown,sh,1595557398.0,42.1,-79.24,71.01,88.0,75.0,4.7
hambantota,lk,1595557721.0,6.12,81.12,75.2,100.0,40.0,8.05
horki,by,1595558163.0,54.29,30.98,47.82,94.0,94.0,5.35
vaini,to,1595558036.0,-21.2,-175.2,75.2,83.0,40.0,5.82
namibe,ao,1595557800.0,-15.2,12.15,65.84,70.0,0.0,3.44
nome,us,1595558163.0,64.5,-165.41,48.2,81.0,90.0,9.17
asfi,ma,1595558163.0,32.3,-9.24,69.96,91.0,0.0,11.18
baherden,tm,1595558164.0,38.44,57.43,87.03,31.0,13.0,4.9
ndioum,sn,1595558164.0,16.51,-14.65,83.16,65.0,2.0,11.5
saskylakh,ru,1595558157.0,71.92,114.08,63.68,74.0,92.0,9.64
qaanaaq,gl,1595558151.0,77.48,-69.36,44.87,59.0,0.0,2.33
punta arenas,cl,1595557417.0,-53.15,-70.92,39.2,80.0,100.0,23.04
cherskiy,ru,1595557984.0,68.75,161.3,73.02,55.0,0.0,11.63
khonsa,in,1595558164.0,27.02,95.57,76.78,83.0,86.0,0.63
vila velha,br,1595557518.0,-20.33,-40.29,64.4,93.0,0.0,3.36
filingue,ne,1595558164.0,14.35,3.32,84.11,62.0,100.0,15.77
ushuaia,ar,1595558036.0,-54.8,-68.3,37.4,86.0,75.0,12.75
porto murtinho,br,1595558165.0,-21.7,-57.88,72.68,43.0,0.0,5.66
hobart,au,1595557924.0,-42.88,147.33,52.0,62.0,75.0,9.17
albany,au,1595558152.0,42.6,-73.97,75.0,97.0,44.0,5.55
port alfred,za,1595557701.0,-33.59,26.89,62.2,35.0,0.0,8.68
punta arenas,cl,1595557417.0,-53.15,-70.92,39.2,80.0,100.0,23.04
tezu,in,1595558165.0,27.92,96.17,76.24,86.0,100.0,2.3
hambantota,lk,1595557721.0,6.12,81.12,75.2,100.0,40.0,8.05
chernyshevskiy,ru,1595557682.0,63.01,112.47,69.12,64.0,2.0,5.39
oranjemund,na,1595558166.0,-28.55,16.43,67.55,25.0,0.0,9.31
albany,au,1595558152.0,42.6,-73.97,75.0,97.0,44.0,5.55
khorixas,na,1595558166.0,-20.37,14.97,55.06,36.0,0.0,12.01
cidreira,br,1595558146.0,-30.18,-50.21,64.94,82.0,92.0,8.16
dikson,ru,1595557716.0,73.51,80.55,42.49,88.0,0.0,2.68
busselton,au,1595558046.0,-33.65,115.33,60.01,68.0,42.0,9.37
hilo,us,1595558150.0,19.73,-155.09,84.2,58.0,75.0,8.05
anadyr,ru,1595557798.0,64.75,177.48,62.6,67.0,67.0,6.71
alihe,cn,1595558167.0,50.57,123.72,94.3,30.0,80.0,4.61
port blair,in,1595557741.0,11.67,92.75,78.8,88.0,75.0,2.98
fort nelson,ca,1595558167.0,58.81,-122.7,68.0,56.0,75.0,4.7
punta arenas,cl,1595557417.0,-53.15,-70.92,39.2,80.0,100.0,23.04
hithadhoo,mv,1595558043.0,-0.6,73.08,83.12,70.0,92.0,10.96
san policarpo,ph,1595558167.0,12.18,125.51,85.44,68.0,100.0,5.19
avarua,ck,1595558167.0,-21.21,-159.78,73.4,94.0,1.0,4.7
arraial do cabo,br,1595557675.0,-22.97,-42.03,69.8,83.0,5.0,9.17
saint pete beach,us,1595558168.0,27.73,-82.74,77.0,1.0,100.0,10.4
bairiki,ki,1595557749.0,1.33,172.98,87.8,74.0,40.0,9.17
ushuaia,ar,1595558036.0,-54.8,-68.3,37.4,86.0,75.0,12.75
lebu,cl,1595558168.0,-37.62,-73.65,43.92,73.0,0.0,6.08
lebu,cl,1595558168.0,-37.62,-73.65,43.92,73.0,0.0,6.08
rockland,us,1595557690.0,41.17,-74.05,81.0,86.0,100.0,4.9
mar del plata,ar,1595557715.0,-38.0,-57.56,53.6,93.0,75.0,9.17
ushuaia,ar,1595558036.0,-54.8,-68.3,37.4,86.0,75.0,12.75
hilo,us,1595558150.0,19.73,-155.09,84.2,58.0,75.0,8.05
zhuhai,cn,1595558073.0,22.28,113.57,95.0,79.0,40.0,5.82
busselton,au,1595558046.0,-33.65,115.33,60.01,68.0,42.0,9.37
busselton,au,1595558046.0,-33.65,115.33,60.01,68.0,42.0,9.37
atuona,pf,1595558169.0,-9.8,-139.03,79.39,77.0,23.0,18.95
altar,mx,1595558169.0,30.7,-111.82,88.34,44.0,54.0,5.59
tuktoyaktuk,ca,1595558169.0,69.45,-133.04,62.6,48.0,20.0,16.11
rikitea,pf,1595558145.0,-23.12,-134.97,67.24,59.0,39.0,14.07
nizhnyaya tavda,ru,1595558169.0,57.67,66.17,59.72,68.0,0.0,7.36
lebu,cl,1595558168.0,-37.62,-73.65,43.92,73.0,0.0,6.08
georgetown,sh,1595557568.0,5.41,100.34,86.0,83.0,40.0,5.82
miles city,us,1595557896.0,46.41,-105.84,84.2,32.0,1.0,10.29
albany,au,1595558152.0,42.6,-73.97,75.0,97.0,44.0,5.55
lagoa,pt,1595558170.0,39.05,-27.98,68.94,76.0,1.0,6.69
saint-joseph,re,1595558170.0,-21.37,55.62,66.2,48.0,90.0,20.8
kyabe,td,1595558170.0,9.45,18.94,71.33,91.0,97.0,0.58
hermanus,za,1595558160.0,-34.42,19.23,54.0,77.0,0.0,3.0
aleksandrov gay,ru,1595558170.0,50.15,48.57,66.4,62.0,0.0,10.27
kapaa,us,1595557921.0,22.08,-159.32,82.4,74.0,75.0,11.41
punta arenas,cl,1595557417.0,-53.15,-70.92,39.2,80.0,100.0,23.04
ahvaz,ir,1595558171.0,31.32,48.67,91.4,75.0,19.0,4.7
aksu,cn,1595558137.0,41.12,80.26,83.23,24.0,0.0,5.64
cape town,za,1595557625.0,-33.93,18.42,55.4,62.0,0.0,2.24
araouane,ml,1595558171.0,18.9,-3.53,97.39,23.0,88.0,5.19
vaini,to,1595558036.0,-21.2,-175.2,75.2,83.0,40.0,5.82
ribeira grande,pt,1595557743.0,38.52,-28.7,69.4,71.0,13.0,5.82
ushuaia,ar,1595558036.0,-54.8,-68.3,37.4,86.0,75.0,12.75
aripuana,br,1595558172.0,-9.17,-60.63,79.18,50.0,68.0,2.57
hermanus,za,1595558160.0,-34.42,19.23,54.0,77.0,0.0,3.0
rikitea,pf,1595558145.0,-23.12,-134.97,67.24,59.0,39.0,14.07
belmonte,br,1595558172.0,-15.86,-38.88,69.8,94.0,90.0,3.36
lebu,cl,1595558168.0,-37.62,-73.65,43.92,73.0,0.0,6.08
bangor,gb,1595558068.0,54.65,-5.67,53.01,87.0,83.0,4.7
mae sai,th,1595558172.0,20.43,99.88,86.0,79.0,20.0,3.36
bambous virieux,mu,1595557702.0,-20.34,57.76,66.99,59.0,77.0,11.01
hobart,au,1595557924.0,-42.88,147.33,52.0,62.0,75.0,9.17
beringovskiy,ru,1595557752.0,63.05,179.32,53.13,65.0,88.0,8.5
arraial do cabo,br,1595557675.0,-22.97,-42.03,69.8,83.0,5.0,9.17
sladkovicovo,sk,1595558173.0,48.2,17.64,62.01,11.0,88.0,4.16
hobart,au,1595557924.0,-42.88,147.33,52.0,62.0,75.0,9.17
kolpashevo,ru,1595558173.0,58.31,82.91,63.23,70.0,2.0,5.61
cape town,za,1595557625.0,-33.93,18.42,55.4,62.0,0.0,2.24
miramar,mx,1595558173.0,25.99,-80.23,78.8,94.0,20.0,12.55
barrow,us,1595558082.0,71.29,-156.79,39.2,93.0,90.0,8.05
ucluelet,ca,1595557989.0,48.93,-125.55,59.0,87.0,90.0,5.82
coquimbo,cl,1595558149.0,-29.95,-71.34,52.79,69.0,44.0,1.5
lebu,cl,1595558168.0,-37.62,-73.65,43.92,73.0,0.0,6.08
beira,mz,1595558174.0,-19.84,34.84,66.0,93.0,80.0,10.0
fonte boa,br,1595558174.0,-2.5,-66.27,73.44,95.0,34.0,1.45
manadhoo,mv,1595558174.0,5.77,73.38,77.86,88.0,100.0,16.6
taoudenni,ml,1595558174.0,22.68,-3.98,94.93,13.0,0.0,1.79
jamestown,sh,1595557398.0,42.1,-79.24,71.01,88.0,75.0,4.7
monster,nl,1595558175.0,52.03,4.17,64.99,81.0,53.0,3.0
rikitea,pf,1595558145.0,-23.12,-134.97,67.24,59.0,39.0,14.07
hermanus,za,1595558160.0,-34.42,19.23,54.0,77.0,0.0,3.0
chokurdakh,ru,1595557696.0,70.63,147.92,77.43,47.0,87.0,3.94
matara,lk,1595558175.0,5.95,80.54,75.7,90.0,100.0,9.48
bredasdorp,za,1595558175.0,-34.53,20.04,50.0,93.0,0.0,3.36
ceres,za,1595558175.0,37.59,-120.96,96.01,29.0,1.0,10.29
east london,za,1595557695.0,-33.02,27.91,60.93,34.0,0.0,7.9
esperance,au,1595558155.0,-33.87,121.9,51.8,87.0,40.0,4.7
pong,th,1595558176.0,19.15,100.28,84.2,79.0,20.0,2.24
arraial do cabo,br,1595557675.0,-22.97,-42.03,69.8,83.0,5.0,9.17
ushuaia,ar,1595558036.0,-54.8,-68.3,37.4,86.0,75.0,12.75
rikitea,pf,1595558145.0,-23.12,-134.97,67.24,59.0,39.0,14.07
cidreira,br,1595558146.0,-30.18,-50.21,64.94,82.0,92.0,8.16
codrington,ag,1595558176.0,-38.27,141.97,53.92,68.0,100.0,12.1
komsomolskiy,ru,1595558086.0,40.43,71.72,80.6,36.0,76.0,11.41
albany,au,1595558152.0,42.6,-73.97,75.0,97.0,44.0,5.55
hambantota,lk,1595557721.0,6.12,81.12,75.2,100.0,40.0,8.05
lamu,ke,1595558177.0,-2.27,40.9,75.85,74.0,46.0,14.07
butaritari,ki,1595558177.0,3.07,172.79,82.83,77.0,1.0,12.97
hobyo,so,1595557745.0,5.35,48.53,76.19,74.0,66.0,25.52
kloulklubed,pw,1595557553.0,7.04,134.26,87.8,66.0,75.0,6.93
hermanus,za,1595558160.0,-34.42,19.23,54.0,77.0,0.0,3.0
aksarka,ru,1595557713.0,66.56,67.8,55.22,64.0,100.0,7.76
wuwei,cn,1595558177.0,37.93,102.64,77.0,59.0,99.0,12.24
new norfolk,au,1595557404.0,-42.78,147.06,52.0,80.0,100.0,1.01
san policarpo,ph,1595558167.0,12.18,125.51,85.44,68.0,100.0,5.19
waingapu,id,1595558178.0,-9.66,120.26,81.97,48.0,49.0,16.4
nikolskoye,ru,1595557694.0,59.7,30.79,51.01,81.0,20.0,4.47
jamestown,sh,1595557398.0,42.1,-79.24,71.01,88.0,75.0,4.7
vestmanna,fo,1595558178.0,62.16,-7.17,50.0,100.0,100.0,13.87
rikitea,pf,1595558145.0,-23.12,-134.97,67.24,59.0,39.0,14.07
mookane,bw,1595558178.0,-23.69,26.66,41.95,93.0,0.0,6.02
elizabeth city,us,1595558003.0,36.29,-76.25,78.01,94.0,75.0,8.1
east london,za,1595557695.0,-33.02,27.91,60.93,34.0,0.0,7.9
luganville,vu,1595558179.0,-15.53,167.17,80.6,83.0,90.0,9.17
bluff,nz,1595558051.0,-46.6,168.33,46.94,72.0,100.0,26.15
narsaq,gl,1595557678.0,60.92,-46.05,51.8,81.0,100.0,2.24
fortuna,us,1595557763.0,40.6,-124.16,61.0,82.0,20.0,13.87
busselton,au,1595558046.0,-33.65,115.33,60.01,68.0,42.0,9.37
cairns,au,1595558130.0,-16.92,145.77,79.0,61.0,90.0,14.99
albany,au,1595558152.0,42.6,-73.97,75.0,97.0,44.0,5.55
vestmannaeyjar,is,1595557740.0,63.44,-20.27,50.09,83.0,66.0,12.97
bethel,us,1595557706.0,41.37,-73.41,71.6,88.0,90.0,9.17
zyryanovsk,kz,1595558179.0,49.74,84.27,69.42,56.0,93.0,1.21
kruisfontein,za,1595557716.0,-34.0,24.73,61.81,28.0,0.0,9.37
tiksi,ru,1595557676.0,71.69,128.87,66.76,54.0,3.0,10.8
kununurra,au,1595557764.0,-15.77,128.73,80.6,22.0,0.0,12.75
sao filipe,cv,1595557752.0,14.9,-24.5,76.87,86.0,98.0,10.76
cap malheureux,mu,1595557823.0,-19.98,57.61,68.0,58.0,70.0,11.99
uppsala,se,1595558180.0,60.0,17.75,51.01,66.0,94.0,10.29
cockburn town,bs,1595557694.0,21.46,-71.14,83.21,77.0,13.0,21.65
finschhafen,pg,1595558180.0,-6.6,147.87,81.97,75.0,15.0,11.05
tuy hoa,vn,1595557773.0,13.08,109.3,84.0,66.0,100.0,7.49
cape town,za,1595557625.0,-33.93,18.42,55.4,62.0,0.0,2.24
olden,no,1595558181.0,61.84,6.81,44.01,96.0,1.0,3.0
nikolskoye,ru,1595557694.0,59.7,30.79,51.01,81.0,20.0,4.47
tateyama,jp,1595558181.0,34.98,139.87,80.01,88.0,75.0,2.24
mossendjo,cg,1595558181.0,-2.95,12.73,63.19,89.0,68.0,1.97
khani,ru,1595558181.0,41.96,42.96,69.8,94.0,75.0,2.24
katsuura,jp,1595558152.0,35.13,140.3,82.0,79.0,100.0,1.01
hermanus,za,1595558160.0,-34.42,19.23,54.0,77.0,0.0,3.0
puerto ayora,ec,1595557679.0,-0.74,-90.35,68.0,96.0,79.0,5.99
albany,au,1595558152.0,42.6,-73.97,75.0,97.0,44.0,5.55
hasaki,jp,1595557816.0,35.73,140.83,81.0,88.0,75.0,4.7
lata,sb,1595558182.0,40.16,-8.33,63.0,88.0,3.0,1.99
kawalu,id,1595558182.0,-7.38,108.21,77.68,69.0,100.0,4.41
praia,cv,1595557821.0,14.92,-23.51,80.6,78.0,20.0,9.17
rikitea,pf,1595558145.0,-23.12,-134.97,67.24,59.0,39.0,14.07
georgetown,sh,1595557568.0,5.41,100.34,86.0,83.0,40.0,5.82
alihe,cn,1595558167.0,50.57,123.72,94.3,30.0,80.0,4.61
salalah,om,1595558182.0,17.02,54.09,78.8,88.0,75.0,10.29
khatanga,ru,1595558163.0,71.97,102.5,43.39,92.0,100.0,16.17
upernavik,gl,1595558149.0,72.79,-56.15,44.92,78.0,51.0,8.5
cabo san lucas,mx,1595557697.0,22.89,-109.91,88.0,73.0,5.0,17.22
gazanjyk,tm,1595558183.0,39.24,55.52,86.22,33.0,9.0,1.28
butaritari,ki,1595558177.0,3.07,172.79,82.83,77.0,1.0,12.97
ziarat,pk,1595558183.0,30.38,67.73,69.6,46.0,0.0,2.39
hervey bay,au,1595558176.0,-25.3,152.85,64.99,92.0,68.0,8.99
punta arenas,cl,1595557417.0,-53.15,-70.92,39.2,80.0,100.0,23.04
bay roberts,ca,1595558183.0,47.6,-53.26,61.0,1.0,100.0,8.12
makakilo city,us,1595557613.0,21.35,-158.09,87.8,45.0,75.0,6.93
cidreira,br,1595558146.0,-30.18,-50.21,64.94,82.0,92.0,8.16
khatanga,ru,1595558163.0,71.97,102.5,43.39,92.0,100.0,16.17
bambous virieux,mu,1595557702.0,-20.34,57.76,66.99,59.0,77.0,11.01
vanimo,pg,1595558184.0,-2.67,141.3,86.32,66.0,9.0,7.81
saint-philippe,re,1595558153.0,-21.36,55.77,66.2,48.0,90.0,20.8
vila franca do campo,pt,1595557762.0,37.72,-25.43,62.6,77.0,20.0,3.36
faanui,pf,1595558184.0,-16.48,-151.75,77.34,82.0,17.0,20.56
kagadi,ug,1595558184.0,0.96,30.8,61.05,99.0,73.0,1.05
ushuaia,ar,1595558036.0,-54.8,-68.3,37.4,86.0,75.0,12.75
port elizabeth,za,1595557692.0,-33.92,25.57,44.6,87.0,0.0,3.36
hirakata,jp,1595558185.0,34.81,135.65,87.01,70.0,75.0,5.82
east london,za,1595557695.0,-33.02,27.91,60.93,34.0,0.0,7.9
rikitea,pf,1595558145.0,-23.12,-134.97,67.24,59.0,39.0,14.07
kulhudhuffushi,mv,1595558185.0,6.62,73.07,80.53,81.0,100.0,21.14
mataura,pf,1595558148.0,-46.19,168.86,44.22,70.0,99.0,8.34
puerto ayora,ec,1595557679.0,-0.74,-90.35,68.0,96.0,79.0,5.99
obala,cm,1595558185.0,4.17,11.53,69.8,94.0,20.0,2.24
myra,no,1595558185.0,45.44,12.13,69.01,72.0,96.0,18.34
hermanus,za,1595558160.0,-34.42,19.23,54.0,77.0,0.0,3.0
albany,au,1595558152.0,42.6,-73.97,75.0,97.0,44.0,5.55
bluff,nz,1595558051.0,-46.6,168.33,46.94,72.0,100.0,26.15
rikitea,pf,1595558145.0,-23.12,-134.97,67.24,59.0,39.0,14.07
tignere,cm,1595558186.0,7.37,12.65,62.49,98.0,87.0,1.21
saeby,dk,1595558186.0,57.33,10.52,55.99,95.0,100.0,5.01
longyearbyen,sj,1595558186.0,78.22,15.64,46.4,93.0,75.0,6.93
laguna,br,1595557826.0,38.42,-121.42,84.99,39.0,1.0,11.41
hermanus,za,1595558160.0,-34.42,19.23,54.0,77.0,0.0,3.0
bluff,nz,1595558051.0,-46.6,168.33,46.94,72.0,100.0,26.15
husavik,is,1595557833.0,66.04,-17.34,44.6,81.0,90.0,9.17
buraydah,sa,1595558187.0,26.33,43.98,87.8,52.0,56.0,4.7
scarborough,tt,1595558187.0,54.28,-0.4,55.0,89.0,27.0,1.01
luderitz,na,1595558187.0,-26.65,15.16,71.6,17.0,0.0,3.36
fairbanks,us,1595558132.0,64.84,-147.72,64.4,55.0,20.0,9.17
saldanha,za,1595557550.0,-33.01,17.94,63.59,37.0,0.0,13.15
new norfolk,au,1595557404.0,-42.78,147.06,52.0,80.0,100.0,1.01
sindor,ru,1595558188.0,62.86,51.89,63.14,78.0,51.0,7.05
xining,cn,1595557688.0,36.62,101.77,62.24,77.0,100.0,1.01
saint-pierre,pm,1595557757.0,-21.34,55.48,66.2,48.0,90.0,20.8
kodiak,us,1595558105.0,57.79,-152.41,60.8,63.0,20.0,2.44
itacoatiara,br,1595558188.0,-3.14,-58.44,75.2,100.0,36.0,1.12
yellowknife,ca,1595558157.0,62.46,-114.35,59.0,87.0,75.0,12.75
tasiilaq,gl,1595558159.0,65.61,-37.64,37.4,93.0,99.0,6.93
kaitangata,nz,1595558189.0,-46.28,169.85,46.0,59.0,100.0,8.99
bondo,cd,1595558189.0,3.81,23.69,67.5,96.0,95.0,1.66
qaanaaq,gl,1595558151.0,77.48,-69.36,44.87,59.0,0.0,2.33
lavrentiya,ru,1595558139.0,65.58,-171.0,56.17,61.0,100.0,8.59
cozumel,mx,1595558189.0,20.51,-86.95,84.0,88.0,40.0,4.7
vaini,to,1595558036.0,-21.2,-175.2,75.2,83.0,40.0,5.82
sao filipe,cv,1595557752.0,14.9,-24.5,76.87,86.0,98.0,10.76
tieli,cn,1595558189.0,46.95,128.05,87.85,47.0,41.0,1.54
balsas,br,1595558189.0,-7.53,-46.04,77.85,42.0,61.0,4.7
joensuu,fi,1595558190.0,62.6,29.76,55.0,93.0,6.0,3.36
qaqortoq,gl,1595558190.0,60.72,-46.03,51.8,81.0,100.0,2.24
dakar,sn,1595557957.0,14.69,-17.44,82.4,83.0,20.0,6.93
east london,za,1595557695.0,-33.02,27.91,60.93,34.0,0.0,7.9
olafsvik,is,1595558110.0,64.89,-23.71,44.87,77.0,18.0,19.22
kapaa,us,1595557921.0,22.08,-159.32,82.4,74.0,75.0,11.41
hasaki,jp,1595557816.0,35.73,140.83,81.0,88.0,75.0,4.7
marly,fr,1595558190.0,50.35,3.55,61.0,67.0,94.0,4.7
challapata,bo,1595558191.0,-18.9,-66.77,40.62,51.0,98.0,2.13
kapaa,us,1595557921.0,22.08,-159.32,82.4,74.0,75.0,11.41
ushuaia,ar,1595558036.0,-54.8,-68.3,37.4,86.0,75.0,12.75
luganville,vu,1595558179.0,-15.53,167.17,80.6,83.0,90.0,9.17
ixtapa,mx,1595557512.0,20.7,-105.2,79.0,88.0,90.0,4.7
iqaluit,ca,1595558092.0,63.75,-68.51,55.4,58.0,90.0,5.82
busselton,au,1595558046.0,-33.65,115.33,60.01,68.0,42.0,9.37
narsaq,gl,1595557678.0,60.92,-46.05,51.8,81.0,100.0,2.24
hilo,us,1595558150.0,19.73,-155.09,84.2,58.0,75.0,8.05
ushuaia,ar,1595558036.0,-54.8,-68.3,37.4,86.0,75.0,12.75
saint-philippe,re,1595558153.0,-21.36,55.77,66.2,48.0,90.0,20.8
saint-philippe,re,1595558153.0,-21.36,55.77,66.2,48.0,90.0,20.8
rikitea,pf,1595558145.0,-23.12,-134.97,67.24,59.0,39.0,14.07
hithadhoo,mv,1595558043.0,-0.6,73.08,83.12,70.0,92.0,10.96
mataura,pf,1595558148.0,-46.19,168.86,44.22,70.0,99.0,8.34
new norfolk,au,1595557404.0,-42.78,147.06,52.0,80.0,100.0,1.01
cape town,za,1595557625.0,-33.93,18.42,55.4,62.0,0.0,2.24
aksu,kz,1595558137.0,41.12,80.26,83.23,24.0,0.0,5.64
moron,mn,1595557615.0,-34.65,-58.62,51.01,96.0,100.0,7.0
ankang,cn,1595557696.0,32.68,109.02,69.01,70.0,100.0,4.0
gillette,us,1595558071.0,44.29,-105.5,82.4,34.0,1.0,4.7
bredasdorp,za,1595558175.0,-34.53,20.04,50.0,93.0,0.0,3.36
hilo,us,1595558150.0,19.73,-155.09,84.2,58.0,75.0,8.05
vaini,to,1595558036.0,-21.2,-175.2,75.2,83.0,40.0,5.82
ushuaia,ar,1595558036.0,-54.8,-68.3,37.4,86.0,75.0,12.75
hithadhoo,mv,1595558043.0,-0.6,73.08,83.12,70.0,92.0,10.96
puerto ayora,ec,1595557679.0,-0.74,-90.35,68.0,96.0,79.0,5.99
mar del plata,ar,1595557715.0,-38.0,-57.56,53.6,93.0,75.0,9.17
chapais,ca,1595557960.0,49.78,-74.85,62.6,72.0,1.0,3.36
fereydun kenar,ir,1595558194.0,36.69,52.52,75.2,88.0,75.0,4.7
maltahohe,na,1595558194.0,-24.83,16.98,40.01,65.0,0.0,5.23
punta arenas,cl,1595557417.0,-53.15,-70.92,39.2,80.0,100.0,23.04
dajal,pk,1595558194.0,29.56,70.38,97.41,45.0,0.0,12.33
esperance,au,1595558155.0,-33.87,121.9,51.8,87.0,40.0,4.7
mataura,pf,1595558148.0,-46.19,168.86,44.22,70.0,99.0,8.34
acapulco,mx,1595558126.0,16.86,-99.89,82.4,83.0,75.0,4.7
shebunino,ru,1595558194.0,46.43,141.86,56.53,89.0,100.0,6.15
akhtubinsk,ru,1595557924.0,48.28,46.17,67.62,52.0,90.0,8.57
carnarvon,au,1595557557.0,-24.87,113.63,69.8,46.0,0.0,12.75
west bay,ky,1595558195.0,19.37,-81.42,84.76,74.0,100.0,12.68
khatanga,ru,1595558163.0,71.97,102.5,43.39,92.0,100.0,16.17
quatre cocos,mu,1595558138.0,-20.21,57.76,68.0,60.0,68.0,11.99
lagoa,pt,1595558170.0,39.05,-27.98,68.94,76.0,1.0,6.69
buin,pg,1595557699.0,-33.73,-70.75,46.4,81.0,40.0,2.24
saskylakh,ru,1595558157.0,71.92,114.08,63.68,74.0,92.0,9.64
alofi,nu,1595558195.0,-19.06,-169.92,77.0,88.0,75.0,16.11
sabha,ly,1595557781.0,27.04,14.43,74.3,34.0,0.0,10.78
tuktoyaktuk,ca,1595558169.0,69.45,-133.04,62.6,48.0,20.0,16.11
barrow,us,1595558082.0,71.29,-156.79,39.2,93.0,90.0,8.05
butaritari,ki,1595558177.0,3.07,172.79,82.83,77.0,1.0,12.97
rikitea,pf,1595558145.0,-23.12,-134.97,67.24,59.0,39.0,14.07
yeppoon,au,1595557796.0,-23.13,150.73,69.8,64.0,75.0,10.29
priboj,ba,1595558196.0,44.6,18.93,62.6,100.0,90.0,1.12
chokurdakh,ru,1595557696.0,70.63,147.92,77.43,47.0,87.0,3.94
hami,cn,1595557777.0,42.8,93.45,78.78,43.0,96.0,2.84
hobart,au,1595557924.0,-42.88,147.33,52.0,62.0,75.0,9.17
castro,cl,1595557676.0,-24.79,-50.01,56.44,77.0,7.0,3.47
pisco,pe,1595558090.0,-13.7,-76.22,63.0,82.0,1.0,1.12
busselton,au,1595558046.0,-33.65,115.33,60.01,68.0,42.0,9.37
busselton,au,1595558046.0,-33.65,115.33,60.01,68.0,42.0,9.37
albany,au,1595558152.0,42.6,-73.97,75.0,97.0,44.0,5.55
paamiut,gl,1595557756.0,61.99,-49.67,46.6,89.0,100.0,6.02
hithadhoo,mv,1595558043.0,-0.6,73.08,83.12,70.0,92.0,10.96
atuona,pf,1595558169.0,-9.8,-139.03,79.39,77.0,23.0,18.95
vanimo,pg,1595558184.0,-2.67,141.3,86.32,66.0,9.0,7.81
avera,pf,1595558198.0,33.19,-82.53,77.0,67.0,75.0,4.7
ushuaia,ar,1595558036.0,-54.8,-68.3,37.4,86.0,75.0,12.75
hobart,au,1595557924.0,-42.88,147.33,52.0,62.0,75.0,9.17
chuy,uy,1595558148.0,-33.7,-53.46,64.63,95.0,83.0,5.79
lebu,cl,1595558168.0,-37.62,-73.65,43.92,73.0,0.0,6.08
kodiak,us,1595558105.0,57.79,-152.41,60.8,63.0,20.0,2.44
bluff,nz,1595558051.0,-46.6,168.33,46.94,72.0,100.0,26.15
castro,cl,1595557676.0,-24.79,-50.01,56.44,77.0,7.0,3.47
ust-kan,ru,1595558199.0,50.93,84.76,62.37,71.0,82.0,3.02
barrow,us,1595558082.0,71.29,-156.79,39.2,93.0,90.0,8.05
georgetown,sh,1595557568.0,5.41,100.34,86.0,83.0,40.0,5.82
broome,au,1595558148.0,42.25,-75.83,71.01,88.0,20.0,3.36
hilo,us,1595558150.0,19.73,-155.09,84.2,58.0,75.0,8.05
airai,pw,1595558199.0,-8.93,125.41,71.64,38.0,37.0,4.45
lebu,cl,1595558168.0,-37.62,-73.65,43.92,73.0,0.0,6.08
hithadhoo,mv,1595558043.0,-0.6,73.08,83.12,70.0,92.0,10.96
bluff,nz,1595558051.0,-46.6,168.33,46.94,72.0,100.0,26.15
mantua,cu,1595558200.0,45.17,10.78,71.01,81.0,100.0,5.01
elbistan,tr,1595558200.0,38.21,37.2,65.53,65.0,0.0,3.24
beira,mz,1595558174.0,-19.84,34.84,66.0,93.0,80.0,10.0
bethel,us,1595557706.0,41.37,-73.41,71.6,88.0,90.0,9.17
kalat,pk,1595558201.0,29.02,66.59,75.54,34.0,0.0,1.1
yar-sale,ru,1595557854.0,66.83,70.83,57.92,63.0,17.0,12.21
bathsheba,bb,1595558161.0,13.22,-59.52,82.4,69.0,75.0,10.29
chokurdakh,ru,1595557696.0,70.63,147.92,77.43,47.0,87.0,3.94
cabinda,ao,1595558202.0,-5.55,12.2,69.98,85.0,5.0,0.87
rikitea,pf,1595558145.0,-23.12,-134.97,67.24,59.0,39.0,14.07
hilo,us,1595558150.0,19.73,-155.09,84.2,58.0,75.0,8.05
rikitea,pf,1595558145.0,-23.12,-134.97,67.24,59.0,39.0,14.07
arraial do cabo,br,1595557675.0,-22.97,-42.03,69.8,83.0,5.0,9.17
kieta,pg,1595558118.0,-6.22,155.63,86.59,62.0,99.0,6.55
gujrat,pk,1595558203.0,32.57,74.08,80.6,78.0,40.0,4.7
san quintin,mx,1595557792.0,30.48,-115.95,67.08,75.0,0.0,12.59
tasiilaq,gl,1595558159.0,65.61,-37.64,37.4,93.0,99.0,6.93
ribeira grande,pt,1595557743.0,38.52,-28.7,69.4,71.0,13.0,5.82
bluff,nz,1595558051.0,-46.6,168.33,46.94,72.0,100.0,26.15
egvekinot,ru,1595558203.0,66.32,-179.17,65.08,50.0,68.0,4.27
benemerito de las americas,mx,1595558203.0,16.52,-90.64,74.35,90.0,11.0,0.94
santiago,ph,1595558203.0,-33.46,-70.65,46.4,81.0,40.0,2.24
ilulissat,gl,1595558055.0,69.22,-51.1,50.0,66.0,100.0,1.12
cape town,za,1595557625.0,-33.93,18.42,55.4,62.0,0.0,2.24
busselton,au,1595558046.0,-33.65,115.33,60.01,68.0,42.0,9.37
susanville,us,1595558204.0,40.42,-120.65,75.99,35.0,30.0,1.28
barinitas,ve,1595558204.0,8.76,-70.41,70.02,80.0,46.0,4.27
yellowknife,ca,1595558157.0,62.46,-114.35,59.0,87.0,75.0,12.75
malaya serdoba,ru,1595558204.0,52.47,44.95,55.81,84.0,67.0,6.08
chokurdakh,ru,1595557696.0,70.63,147.92,77.43,47.0,87.0,3.94
kitaibaraki,jp,1595558205.0,36.78,140.75,84.0,59.0,83.0,6.38
ambon,id,1595558205.0,-3.7,128.18,82.99,83.0,40.0,5.82
bredasdorp,za,1595558175.0,-34.53,20.04,50.0,93.0,0.0,3.36
mahebourg,mu,1595558149.0,-20.41,57.7,66.78,69.0,72.0,24.47
puerto ayora,ec,1595557679.0,-0.74,-90.35,68.0,96.0,79.0,5.99
menongue,ao,1595558205.0,-14.66,17.69,42.71,63.0,8.0,3.85
mataura,pf,1595558148.0,-46.19,168.86,44.22,70.0,99.0,8.34
vaini,to,1595558036.0,-21.2,-175.2,75.2,83.0,40.0,5.82
bathsheba,bb,1595558161.0,13.22,-59.52,82.4,69.0,75.0,10.29
klaksvik,fo,1595557792.0,62.23,-6.59,50.0,100.0,100.0,11.41
hamilton,bm,1595557677.0,39.18,-84.53,75.0,94.0,90.0,3.04
sauda,no,1595558206.0,59.65,6.35,52.0,84.0,98.0,1.01
machali,cl,1595558206.0,-34.18,-70.67,39.94,69.0,44.0,2.71
punta arenas,cl,1595557417.0,-53.15,-70.92,39.2,80.0,100.0,23.04
victoria,sc,1595557722.0,22.29,114.16,91.99,66.0,71.0,8.99
castro,cl,1595557676.0,-24.79,-50.01,56.44,77.0,7.0,3.47
peking,cn,1595558206.0,39.91,116.4,99.0,40.0,26.0,2.17
mackay,au,1595558206.0,-21.15,149.2,69.8,68.0,86.0,13.87
san patricio,mx,1595557715.0,19.22,-104.7,82.4,74.0,75.0,6.67
new norfolk,au,1595557404.0,-42.78,147.06,52.0,80.0,100.0,1.01
torres,br,1595558207.0,-29.34,-49.73,64.36,84.0,100.0,4.45
cape town,za,1595557625.0,-33.93,18.42,55.4,62.0,0.0,2.24
campbell river,ca,1595558065.0,50.02,-125.24,64.4,63.0,75.0,4.7
japura,br,1595558207.0,-0.32,102.35,85.17,64.0,68.0,4.23
kodiak,us,1595558105.0,57.79,-152.41,60.8,63.0,20.0,2.44
new norfolk,au,1595557404.0,-42.78,147.06,52.0,80.0,100.0,1.01
zlobin,by,1595558207.0,45.29,14.65,77.0,53.0,32.0,9.17
albany,au,1595558152.0,42.6,-73.97,75.0,97.0,44.0,5.55
ushtobe,kz,1595557734.0,45.25,77.98,83.93,19.0,38.0,5.7
gornopravdinsk,ru,1595558208.0,60.05,69.9,65.14,59.0,42.0,3.4
port elizabeth,za,1595557692.0,-33.92,25.57,44.6,87.0,0.0,3.36
butaritari,ki,1595558177.0,3.07,172.79,82.83,77.0,1.0,12.97
abu dhabi,ae,1595557805.0,24.47,54.37,91.4,52.0,0.0,9.17
bubaque,gw,1595558047.0,11.28,-15.83,79.81,84.0,100.0,15.52
chacabuco,ar,1595558165.0,-34.64,-60.47,45.0,93.0,100.0,17.0
port elizabeth,za,1595557692.0,-33.92,25.57,44.6,87.0,0.0,3.36
kharovsk,ru,1595558209.0,59.96,40.19,51.37,94.0,6.0,5.68
college,us,1595557578.0,64.86,-147.8,64.4,55.0,75.0,8.05
andenes,no,1595557796.0,69.31,16.12,50.0,93.0,100.0,11.41
tasiilaq,gl,1595558159.0,65.61,-37.64,37.4,93.0,99.0,6.93
sayyan,ye,1595557751.0,15.17,44.32,63.91,68.0,17.0,3.38
ushuaia,ar,1595558036.0,-54.8,-68.3,37.4,86.0,75.0,12.75
mahebourg,mu,1595558149.0,-20.41,57.7,66.78,69.0,72.0,24.47
carutapera,br,1595558209.0,-1.2,-46.02,76.32,84.0,84.0,6.51
cape town,za,1595557625.0,-33.93,18.42,55.4,62.0,0.0,2.24
tete,mz,1595558210.0,-16.16,33.59,66.2,68.0,75.0,1.95
beloha,mg,1595558210.0,-25.17,45.05,57.6,80.0,0.0,9.48
saint-augustin,ca,1595557722.0,51.23,-58.65,62.44,66.0,88.0,7.27
sibolga,id,1595558210.0,1.74,98.78,84.69,58.0,100.0,1.48
soe,id,1595558105.0,-9.86,124.28,76.66,40.0,55.0,7.63
butaritari,ki,1595558177.0,3.07,172.79,82.83,77.0,1.0,12.97
severinia,br,1595558210.0,-20.81,-48.8,73.4,33.0,0.0,3.36
puqi,cn,1595558074.0,29.72,113.88,87.42,78.0,100.0,3.29
punta arenas,cl,1595557417.0,-53.15,-70.92,39.2,80.0,100.0,23.04
punta arenas,cl,1595557417.0,-53.15,-70.92,39.2,80.0,100.0,23.04
dingle,ie,1595557543.0,11.0,122.67,86.27,69.0,100.0,1.86
sechura,pe,1595558154.0,-5.56,-80.82,63.77,79.0,19.0,17.02
egvekinot,ru,1595558203.0,66.32,-179.17,65.08,50.0,68.0,4.27
tuktoyaktuk,ca,1595558169.0,69.45,-133.04,62.6,48.0,20.0,16.11
upington,za,1595558211.0,-28.45,21.26,44.6,24.0,0.0,2.24
lebu,cl,1595558168.0,-37.62,-73.65,43.92,73.0,0.0,6.08
gay,ru,1595558106.0,51.47,58.46,62.6,88.0,40.0,20.13
sabang,id,1595557701.0,5.89,95.32,81.41,74.0,100.0,3.94
lompoc,us,1595557883.0,34.64,-120.46,62.6,77.0,10.0,11.41
saint-philippe,re,1595558153.0,-21.36,55.77,66.2,48.0,90.0,20.8
arraial do cabo,br,1595557675.0,-22.97,-42.03,69.8,83.0,5.0,9.17
saldanha,za,1595557550.0,-33.01,17.94,63.59,37.0,0.0,13.15
haines junction,ca,1595557809.0,60.75,-137.51,61.5,71.0,73.0,2.19
cayenne,gf,1595557822.0,4.93,-52.33,75.2,100.0,100.0,3.69
namatanai,pg,1595558212.0,-3.67,152.43,84.24,73.0,97.0,10.92
kapaa,us,1595557921.0,22.08,-159.32,82.4,74.0,75.0,11.41
hithadhoo,mv,1595558043.0,-0.6,73.08,83.12,70.0,92.0,10.96
saint-philippe,re,1595558153.0,-21.36,55.77,66.2,48.0,90.0,20.8
dawlatabad,af,1595558213.0,36.41,64.91,92.37,14.0,0.0,5.75
rikitea,pf,1595558145.0,-23.12,-134.97,67.24,59.0,39.0,14.07
ostrovnoy,ru,1595558213.0,68.05,39.51,61.03,84.0,98.0,10.36
cape town,za,1595557625.0,-33.93,18.42,55.4,62.0,0.0,2.24
new norfolk,au,1595557404.0,-42.78,147.06,52.0,80.0,100.0,1.01
shingu,jp,1595557760.0,33.73,135.98,82.4,83.0,75.0,10.29
ushuaia,ar,1595558036.0,-54.8,-68.3,37.4,86.0,75.0,12.75
hermanus,za,1595558160.0,-34.42,19.23,54.0,77.0,0.0,3.0
tongliao,cn,1595558214.0,43.61,122.27,98.04,22.0,0.0,10.51
ushuaia,ar,1595558036.0,-54.8,-68.3,37.4,86.0,75.0,12.75
rumoi,jp,1595558214.0,43.93,141.64,70.11,79.0,81.0,9.62
ahuimanu,us,1595558214.0,21.44,-157.84,87.8,62.0,20.0,11.41
palora,ec,1595558214.0,-1.7,-77.93,64.53,96.0,29.0,2.19
atkinson,dm,1595558214.0,42.84,-71.15,73.0,99.0,50.0,4.36
arraial do cabo,br,1595557675.0,-22.97,-42.03,69.8,83.0,5.0,9.17
georgetown,sh,1595557568.0,5.41,100.34,86.0,83.0,40.0,5.82
beloha,mg,1595558210.0,-25.17,45.05,57.6,80.0,0.0,9.48
villa carlos paz,ar,1595557956.0,-31.42,-64.5,41.0,76.0,0.0,6.93
upernavik,gl,1595558149.0,72.79,-56.15,44.92,78.0,51.0,8.5
rocha,uy,1595557677.0,-34.48,-54.33,64.09,95.0,100.0,5.12
hobart,au,1595557924.0,-42.88,147.33,52.0,62.0,75.0,9.17
vaini,to,1595558036.0,-21.2,-175.2,75.2,83.0,40.0,5.82
byron bay,au,1595558103.0,-28.65,153.62,62.6,88.0,75.0,10.29
inhambane,mz,1595557518.0,-23.86,35.38,63.28,81.0,25.0,9.42
vila velha,br,1595557518.0,-20.33,-40.29,64.4,93.0,0.0,3.36
grindavik,is,1595558155.0,63.84,-22.43,48.2,81.0,40.0,10.29
talnakh,ru,1595557984.0,69.49,88.4,50.0,76.0,33.0,26.84
port alfred,za,1595557701.0,-33.59,26.89,62.2,35.0,0.0,8.68
norman wells,ca,1595557449.0,65.28,-126.83,60.8,63.0,75.0,13.87
bluff,nz,1595558051.0,-46.6,168.33,46.94,72.0,100.0,26.15
bredasdorp,za,1595558175.0,-34.53,20.04,50.0,93.0,0.0,3.36
bathsheba,bb,1595558161.0,13.22,-59.52,82.4,69.0,75.0,10.29
port lincoln,au,1595557682.0,-34.73,135.87,57.27,54.0,99.0,18.19
abu samrah,qa,1595558217.0,35.3,37.18,70.93,75.0,0.0,9.15
tiksi,ru,1595557676.0,71.69,128.87,66.76,54.0,3.0,10.8
pevek,ru,1595557729.0,69.7,170.31,48.36,71.0,79.0,8.72
tabou,ci,1595558217.0,4.42,-7.35,74.8,88.0,100.0,7.67
axim,gh,1595557702.0,4.87,-2.24,73.76,91.0,90.0,8.48
rikitea,pf,1595558145.0,-23.12,-134.97,67.24,59.0,39.0,14.07
rikitea,pf,1595558145.0,-23.12,-134.97,67.24,59.0,39.0,14.07
arraial do cabo,br,1595557675.0,-22.97,-42.03,69.8,83.0,5.0,9.17
yellowknife,ca,1595558157.0,62.46,-114.35,59.0,87.0,75.0,12.75
ostrovnoy,ru,1595558213.0,68.05,39.51,61.03,84.0,98.0,10.36
tiksi,ru,1595557676.0,71.69,128.87,66.76,54.0,3.0,10.8
khatanga,ru,1595558163.0,71.97,102.5,43.39,92.0,100.0,16.17
puerto ayora,ec,1595557679.0,-0.74,-90.35,68.0,96.0,79.0,5.99
kapaa,us,1595557921.0,22.08,-159.32,82.4,74.0,75.0,11.41
mataura,pf,1595558148.0,-46.19,168.86,44.22,70.0,99.0,8.34
chuy,uy,1595558148.0,-33.7,-53.46,64.63,95.0,83.0,5.79
rikitea,pf,1595558145.0,-23.12,-134.97,67.24,59.0,39.0,14.07
port hawkesbury,ca,1595558219.0,45.62,-61.35,64.0,100.0,75.0,2.24
cidreira,br,1595558146.0,-30.18,-50.21,64.94,82.0,92.0,8.16
linqu,cn,1595558219.0,36.52,118.54,87.01,48.0,0.0,1.99
cape town,za,1595557625.0,-33.93,18.42,55.4,62.0,0.0,2.24
castro,cl,1595557676.0,-24.79,-50.01,56.44,77.0,7.0,3.47
chokurdakh,ru,1595557696.0,70.63,147.92,77.43,47.0,87.0,3.94
bredasdorp,za,1595558175.0,-34.53,20.04,50.0,93.0,0.0,3.36
atuona,pf,1595558169.0,-9.8,-139.03,79.39,77.0,23.0,18.95
itarema,br,1595558084.0,-2.92,-39.92,76.68,86.0,100.0,10.42
castro,cl,1595557676.0,-24.79,-50.01,56.44,77.0,7.0,3.47
hermanus,za,1595558160.0,-34.42,19.23,54.0,77.0,0.0,3.0
lazaro cardenas,mx,1595558220.0,17.96,-102.2,80.35,78.0,99.0,2.44
nantucket,us,1595557697.0,41.28,-70.1,72.0,94.0,1.0,4.7
ushuaia,ar,1595558036.0,-54.8,-68.3,37.4,86.0,75.0,12.75
rikitea,pf,1595558145.0,-23.12,-134.97,67.24,59.0,39.0,14.07
tezu,in,1595558165.0,27.92,96.17,76.24,86.0,100.0,2.3
fairbanks,us,1595558132.0,64.84,-147.72,64.4,55.0,20.0,9.17
taungdwingyi,mm,1595558221.0,20.02,95.55,84.96,71.0,13.0,7.54
cookeville,us,1595557711.0,36.16,-85.5,72.0,94.0,1.0,2.66
busselton,au,1595558046.0,-33.65,115.33,60.01,68.0,42.0,9.37
whitehorse,ca,1595558221.0,60.72,-135.05,60.8,59.0,75.0,4.7
neka,ir,1595558221.0,36.65,53.3,75.2,88.0,75.0,4.7
dergachi,ru,1595558221.0,51.23,48.77,62.96,69.0,0.0,10.29
rikitea,pf,1595558145.0,-23.12,-134.97,67.24,59.0,39.0,14.07
new norfolk,au,1595557404.0,-42.78,147.06,52.0,80.0,100.0,1.01
senador jose porfirio,br,1595558222.0,-2.59,-51.95,76.15,79.0,100.0,2.17
avarua,ck,1595558167.0,-21.21,-159.78,73.4,94.0,1.0,4.7
victoria,sc,1595557722.0,22.29,114.16,91.99,66.0,71.0,8.99
khatanga,ru,1595558163.0,71.97,102.5,43.39,92.0,100.0,16.17
nipawin,ca,1595558223.0,53.37,-104.0,75.2,94.0,75.0,8.05
port alfred,za,1595557701.0,-33.59,26.89,62.2,35.0,0.0,8.68
chitral,pk,1595558046.0,35.85,71.79,77.63,35.0,0.0,3.89
jamestown,sh,1595557398.0,42.1,-79.24,71.01,88.0,75.0,4.7
rikitea,pf,1595558145.0,-23.12,-134.97,67.24,59.0,39.0,14.07
hobart,au,1595557924.0,-42.88,147.33,52.0,62.0,75.0,9.17
ribeira grande,pt,1595557743.0,38.52,-28.7,69.4,71.0,13.0,5.82
constitucion,cl,1595558161.0,-35.33,-72.42,46.56,82.0,0.0,3.11
busselton,au,1595558046.0,-33.65,115.33,60.01,68.0,42.0,9.37
luderitz,na,1595558187.0,-26.65,15.16,71.6,17.0,0.0,3.36
kaitangata,nz,1595558189.0,-46.28,169.85,46.0,59.0,100.0,8.99
korla,cn,1595558224.0,41.76,86.15,72.0,88.0,0.0,6.67
katsuura,jp,1595558152.0,35.13,140.3,82.0,79.0,100.0,1.01
georgetown,sh,1595557568.0,5.41,100.34,86.0,83.0,40.0,5.82
lamar,us,1595558224.0,33.67,-95.58,82.4,78.0,1.0,5.82
tuktoyaktuk,ca,1595558169.0,69.45,-133.04,62.6,48.0,20.0,16.11
nikolskoye,ru,1595557694.0,59.7,30.79,51.01,81.0,20.0,4.47
yellowknife,ca,1595558157.0,62.46,-114.35,59.0,87.0,75.0,12.75
hilo,us,1595558150.0,19.73,-155.09,84.2,58.0,75.0,8.05
tautira,pf,1595558151.0,-17.73,-149.15,77.0,73.0,75.0,3.36
cape town,za,1595557625.0,-33.93,18.42,55.4,62.0,0.0,2.24
mataura,pf,1595558148.0,-46.19,168.86,44.22,70.0,99.0,8.34
evensk,ru,1595558225.0,61.95,159.23,61.36,62.0,37.0,10.71
leningradskiy,ru,1595558225.0,69.38,178.42,44.83,73.0,88.0,10.51
tasiilaq,gl,1595558159.0,65.61,-37.64,37.4,93.0,99.0,6.93
ocos,gt,1595558226.0,14.51,-92.19,75.2,100.0,75.0,6.4
bytow,pl,1595558226.0,54.17,17.49,54.0,87.0,84.0,1.12
ushuaia,ar,1595558036.0,-54.8,-68.3,37.4,86.0,75.0,12.75
hithadhoo,mv,1595558043.0,-0.6,73.08,83.12,70.0,92.0,10.96
upernavik,gl,1595558149.0,72.79,-56.15,44.92,78.0,51.0,8.5
kinablangan,ph,1595558226.0,7.69,126.55,85.1,68.0,79.0,5.46
east london,za,1595557695.0,-33.02,27.91,60.93,34.0,0.0,7.9
qom,ir,1595558226.0,34.64,50.88,79.47,42.0,8.0,3.6
alofi,nu,1595558195.0,-19.06,-169.92,77.0,88.0,75.0,16.11
rikitea,pf,1595558145.0,-23.12,-134.97,67.24,59.0,39.0,14.07
qaanaaq,gl,1595558151.0,77.48,-69.36,44.87,59.0,0.0,2.33
mpika,zm,1595558227.0,-11.83,31.45,48.6,81.0,65.0,10.09
chitral,pk,1595558046.0,35.85,71.79,77.63,35.0,0.0,3.89
vaini,to,1595558036.0,-21.2,-175.2,75.2,83.0,40.0,5.82
castro,cl,1595557676.0,-24.79,-50.01,56.44,77.0,7.0,3.47
cape town,za,1595557625.0,-33.93,18.42,55.4,62.0,0.0,2.24
westport,ie,1595558228.0,41.14,-73.36,80.6,65.0,75.0,12.75
bambous virieux,mu,1595557702.0,-20.34,57.76,66.99,59.0,77.0,11.01
flinders,au,1595558155.0,-34.58,150.86,66.99,59.0,0.0,14.0
wanning,cn,1595557708.0,18.8,110.4,88.38,62.0,10.0,7.11
bluff,nz,1595558051.0,-46.6,168.33,46.94,72.0,100.0,26.15
vaini,to,1595558036.0,-21.2,-175.2,75.2,83.0,40.0,5.82
kiunga,pg,1595558228.0,-6.12,141.29,81.27,85.0,76.0,4.52
teya,ru,1595558228.0,60.38,92.63,52.63,82.0,100.0,8.77
melchor de mencos,gt,1595558229.0,17.07,-89.15,80.01,82.0,5.0,3.53
butaritari,ki,1595558177.0,3.07,172.79,82.83,77.0,1.0,12.97
srivardhan,in,1595558229.0,18.03,73.02,81.39,81.0,99.0,3.8
rikitea,pf,1595558145.0,-23.12,-134.97,67.24,59.0,39.0,14.07
otane,nz,1595558229.0,-39.88,176.63,51.01,65.0,0.0,7.0
kodiak,us,1595558105.0,57.79,-152.41,60.8,63.0,20.0,2.44
bredasdorp,za,1595558175.0,-34.53,20.04,50.0,93.0,0.0,3.36
kapaa,us,1595557921.0,22.08,-159.32,82.4,74.0,75.0,11.41
castro,cl,1595557676.0,-24.79,-50.01,56.44,77.0,7.0,3.47
pangody,ru,1595558230.0,65.85,74.49,55.56,58.0,0.0,15.21
bethel,us,1595557706.0,41.37,-73.41,71.6,88.0,90.0,9.17
busselton,au,1595558046.0,-33.65,115.33,60.01,68.0,42.0,9.37
new norfolk,au,1595557404.0,-42.78,147.06,52.0,80.0,100.0,1.01
bluff,nz,1595558051.0,-46.6,168.33,46.94,72.0,100.0,26.15
vaini,to,1595558036.0,-21.2,-175.2,75.2,83.0,40.0,5.82
tromso,no,1595557599.0,69.65,18.96,48.2,93.0,90.0,8.05
bluff,nz,1595558051.0,-46.6,168.33,46.94,72.0,100.0,26.15
narsaq,gl,1595557678.0,60.92,-46.05,51.8,81.0,100.0,2.24
tiksi,ru,1595557676.0,71.69,128.87,66.76,54.0,3.0,10.8
saint-philippe,re,1595558153.0,-21.36,55.77,66.2,48.0,90.0,20.8
harlingen,nl,1595558231.0,26.19,-97.7,84.99,74.0,1.0,8.05
ushuaia,ar,1595558036.0,-54.8,-68.3,37.4,86.0,75.0,12.75
mataura,pf,1595558148.0,-46.19,168.86,44.22,70.0,99.0,8.34
saint-philippe,re,1595558153.0,-21.36,55.77,66.2,48.0,90.0,20.8
basco,ph,1595558231.0,20.45,121.97,85.75,76.0,100.0,8.05
isangel,vu,1595557710.0,-19.55,169.27,80.6,78.0,75.0,12.75
tapes,br,1595558232.0,-30.67,-51.4,65.91,82.0,92.0,8.03
tiksi,ru,1595557676.0,71.69,128.87,66.76,54.0,3.0,10.8
foz,es,1595558232.0,43.57,-7.25,59.0,93.0,4.0,3.02
cuenca,es,1595557938.0,-2.88,-78.98,57.2,87.0,52.0,8.05
namatanai,pg,1595558212.0,-3.67,152.43,84.24,73.0,97.0,10.92
barrow,us,1595558082.0,71.29,-156.79,39.2,93.0,90.0,8.05
talnakh,ru,1595557984.0,69.49,88.4,50.0,76.0,33.0,26.84
shingu,jp,1595557760.0,33.73,135.98,82.4,83.0,75.0,10.29
punta arenas,cl,1595557417.0,-53.15,-70.92,39.2,80.0,100.0,23.04
andros town,bs,1595557772.0,24.7,-77.77,82.4,78.0,40.0,9.17
avera,pf,1595558198.0,33.19,-82.53,77.0,67.0,75.0,4.7
bredasdorp,za,1595558175.0,-34.53,20.04,50.0,93.0,0.0,3.36
rikitea,pf,1595558145.0,-23.12,-134.97,67.24,59.0,39.0,14.07
elizabeth city,us,1595558003.0,36.29,-76.25,78.01,94.0,75.0,8.1
rikitea,pf,1595558145.0,-23.12,-134.97,67.24,59.0,39.0,14.07
albany,au,1595558152.0,42.6,-73.97,75.0,97.0,44.0,5.55
beringovskiy,ru,1595557752.0,63.05,179.32,53.13,65.0,88.0,8.5
sao filipe,cv,1595557752.0,14.9,-24.5,76.87,86.0,98.0,10.76
moyale,ke,1595558234.0,3.52,39.06,61.88,86.0,100.0,12.55
busselton,au,1595558046.0,-33.65,115.33,60.01,68.0,42.0,9.37
mordovo,ru,1595558234.0,52.08,40.77,56.07,78.0,100.0,3.09
new norfolk,au,1595557404.0,-42.78,147.06,52.0,80.0,100.0,1.01
kapaa,us,1595557921.0,22.08,-159.32,82.4,74.0,75.0,11.41
sao filipe,cv,1595557752.0,14.9,-24.5,76.87,86.0,98.0,10.76
punta arenas,cl,1595557417.0,-53.15,-70.92,39.2,80.0,100.0,23.04
kurilsk,ru,1595557707.0,45.23,147.88,57.87,93.0,100.0,3.36
khandbari,np,1595558235.0,27.37,87.2,75.56,74.0,94.0,1.88
hambantota,lk,1595557721.0,6.12,81.12,75.2,100.0,40.0,8.05
pionerskiy,ru,1595558235.0,54.95,20.23,51.8,93.0,0.0,4.47
nikolskoye,ru,1595557694.0,59.7,30.79,51.01,81.0,20.0,4.47
busselton,au,1595558046.0,-33.65,115.33,60.01,68.0,42.0,9.37
sakakah,sa,1595558235.0,29.97,40.21,89.6,18.0,20.0,11.41
hobart,au,1595557924.0,-42.88,147.33,52.0,62.0,75.0,9.17
ulladulla,au,1595558235.0,-35.35,150.47,61.0,63.0,0.0,4.7
saskylakh,ru,1595558157.0,71.92,114.08,63.68,74.0,92.0,9.64
saint-philippe,re,1595558153.0,-21.36,55.77,66.2,48.0,90.0,20.8
daru,pg,1595557696.0,-9.08,143.21,79.56,79.0,46.0,15.95
great falls,us,1595558236.0,47.5,-111.3,66.0,77.0,75.0,10.29
umm kaddadah,sd,1595557754.0,13.6,26.69,82.35,54.0,20.0,17.25
hermanus,za,1595558160.0,-34.42,19.23,54.0,77.0,0.0,3.0
berlevag,no,1595558236.0,70.86,29.09,51.8,100.0,90.0,1.12
saskylakh,ru,1595558157.0,71.92,114.08,63.68,74.0,92.0,9.64
soyo,ao,1595558236.0,-6.13,12.37,70.07,86.0,15.0,2.26
cape town,za,1595557625.0,-33.93,18.42,55.4,62.0,0.0,2.24
pisco,pe,1595558090.0,-13.7,-76.22,63.0,82.0,1.0,1.12
mar del plata,ar,1595557715.0,-38.0,-57.56,53.6,93.0,75.0,9.17
mataura,pf,1595558148.0,-46.19,168.86,44.22,70.0,99.0,8.34
albany,au,1595558152.0,42.6,-73.97,75.0,97.0,44.0,5.55
basco,ph,1595558231.0,20.45,121.97,85.75,76.0,100.0,8.05
ajjampur,in,1595558237.0,13.73,76.01,74.3,80.0,100.0,2.86
ushuaia,ar,1595558036.0,-54.8,-68.3,37.4,86.0,75.0,12.75
yellowknife,ca,1595558157.0,62.46,-114.35,59.0,87.0,75.0,12.75
thompson,ca,1595558154.0,55.74,-97.86,78.8,65.0,20.0,5.82
miyako,jp,1595558238.0,39.64,141.95,74.52,75.0,93.0,6.29
westport,ie,1595558228.0,41.14,-73.36,80.6,65.0,75.0,12.75
hailey,us,1595558238.0,43.52,-114.32,69.8,37.0,40.0,26.4
saskylakh,ru,1595558157.0,71.92,114.08,63.68,74.0,92.0,9.64
rikitea,pf,1595558145.0,-23.12,-134.97,67.24,59.0,39.0,14.07
baykit,ru,1595558076.0,61.67,96.37,55.44,77.0,100.0,6.08
daru,pg,1595557696.0,-9.08,143.21,79.56,79.0,46.0,15.95
jamestown,sh,1595557398.0,42.1,-79.24,71.01,88.0,75.0,4.7
hilo,us,1595558150.0,19.73,-155.09,84.2,58.0,75.0,8.05
tuktoyaktuk,ca,1595558169.0,69.45,-133.04,62.6,48.0,20.0,16.11
gao,ml,1595558239.0,16.64,1.64,88.07,46.0,6.0,13.71
bengkulu,id,1595557682.0,-3.8,102.27,78.28,82.0,97.0,2.35
dikson,ru,1595557716.0,73.51,80.55,42.49,88.0,0.0,2.68
east london,za,1595557695.0,-33.02,27.91,60.93,34.0,0.0,7.9
zhigansk,ru,1595558159.0,66.77,123.37,69.46,59.0,27.0,15.99
alta floresta,br,1595557826.0,-9.88,-56.09,73.9,57.0,6.0,3.2
arraial do cabo,br,1595557675.0,-22.97,-42.03,69.8,83.0,5.0,9.17
mataura,pf,1595558148.0,-46.19,168.86,44.22,70.0,99.0,8.34
port alfred,za,1595557701.0,-33.59,26.89,62.2,35.0,0.0,8.68
cape town,za,1595557625.0,-33.93,18.42,55.4,62.0,0.0,2.24
kaoma,zm,1595558240.0,-14.78,24.8,46.53,65.0,80.0,6.44
mahebourg,mu,1595558149.0,-20.41,57.7,66.78,69.0,72.0,24.47
rikitea,pf,1595558145.0,-23.12,-134.97,67.24,59.0,39.0,14.07
sibut,cf,1595558241.0,5.72,19.07,68.23,94.0,81.0,1.97
mancora,pe,1595558241.0,-4.11,-81.05,68.67,73.0,1.0,9.62
barrow,us,1595558082.0,71.29,-156.79,39.2,93.0,90.0,8.05
albany,au,1595558152.0,42.6,-73.97,75.0,97.0,44.0,5.55
coihaique,cl,1595558151.0,-45.58,-72.07,17.6,92.0,7.0,2.24
kruisfontein,za,1595557716.0,-34.0,24.73,61.81,28.0,0.0,9.37
ushuaia,ar,1595558036.0,-54.8,-68.3,37.4,86.0,75.0,12.75
lebu,cl,1595558168.0,-37.62,-73.65,43.92,73.0,0.0,6.08
severo-kurilsk,ru,1595558242.0,50.68,156.12,51.37,83.0,100.0,5.08
saint george,bm,1595557510.0,37.1,-113.58,89.6,25.0,1.0,18.34
dingle,ie,1595557543.0,11.0,122.67,86.27,69.0,100.0,1.86
hermanus,za,1595558160.0,-34.42,19.23,54.0,77.0,0.0,3.0
kapaa,us,1595557921.0,22.08,-159.32,82.4,74.0,75.0,11.41
iqaluit,ca,1595558092.0,63.75,-68.51,55.4,58.0,90.0,5.82
zlobin,by,1595558207.0,45.29,14.65,77.0,53.0,32.0,9.17
jamestown,sh,1595557398.0,42.1,-79.24,71.01,88.0,75.0,4.7
tiksi,ru,1595557676.0,71.69,128.87,66.76,54.0,3.0,10.8
east london,za,1595557695.0,-33.02,27.91,60.93,34.0,0.0,7.9
kodinsk,ru,1595558243.0,58.69,99.18,56.73,87.0,100.0,5.39
rikitea,pf,1595558145.0,-23.12,-134.97,67.24,59.0,39.0,14.07
qaanaaq,gl,1595558151.0,77.48,-69.36,44.87,59.0,0.0,2.33
bar harbor,us,1595558243.0,44.39,-68.2,66.2,93.0,90.0,3.36
shahr-e kord,ir,1595558243.0,32.33,50.86,59.0,41.0,0.0,4.7
port alfred,za,1595557701.0,-33.59,26.89,62.2,35.0,0.0,8.68
manggar,id,1595557723.0,-2.88,108.27,82.29,78.0,100.0,12.88
hithadhoo,mv,1595558043.0,-0.6,73.08,83.12,70.0,92.0,10.96
mataura,pf,1595558148.0,-46.19,168.86,44.22,70.0,99.0,8.34
mataura,pf,1595558148.0,-46.19,168.86,44.22,70.0,99.0,8.34
iqaluit,ca,1595558092.0,63.75,-68.51,55.4,58.0,90.0,5.82
kapaa,us,1595557921.0,22.08,-159.32,82.4,74.0,75.0,11.41
saldanha,za,1595557550.0,-33.01,17.94,63.59,37.0,0.0,13.15
busselton,au,1595558046.0,-33.65,115.33,60.01,68.0,42.0,9.37
lorengau,pg,1595557730.0,-2.02,147.27,84.65,76.0,73.0,10.33
castro,cl,1595557676.0,-24.79,-50.01,56.44,77.0,7.0,3.47
nikolskoye,ru,1595557694.0,59.7,30.79,51.01,81.0,20.0,4.47
lorengau,pg,1595557730.0,-2.02,147.27,84.65,76.0,73.0,10.33
bredasdorp,za,1595558175.0,-34.53,20.04,50.0,93.0,0.0,3.36
butaritari,ki,1595558177.0,3.07,172.79,82.83,77.0,1.0,12.97
port alfred,za,1595557701.0,-33.59,26.89,62.2,35.0,0.0,8.68
berlevag,no,1595558236.0,70.86,29.09,51.8,100.0,90.0,1.12
awjilah,ly,1595558245.0,29.11,21.29,71.65,81.0,0.0,7.38
lamar,us,1595558224.0,33.67,-95.58,82.4,78.0,1.0,5.82
kaitangata,nz,1595558189.0,-46.28,169.85,46.0,59.0,100.0,8.99
deneysville,za,1595558267.0,-26.89,28.1,36.45,74.0,0.0,6.35
yellowknife,ca,1595558157.0,62.46,-114.35,59.0,87.0,75.0,12.75
teguldet,ru,1595558267.0,57.31,88.17,56.59,82.0,96.0,7.2
bandrele,yt,1595558267.0,-12.91,45.19,75.2,64.0,90.0,21.92
codrington,ag,1595558176.0,-38.27,141.97,53.92,68.0,100.0,12.1
nuevo laredo,mx,1595558268.0,27.48,-99.52,91.4,52.0,1.0,16.11
bredasdorp,za,1595558175.0,-34.53,20.04,50.0,93.0,0.0,3.36
mataura,pf,1595558148.0,-46.19,168.86,44.22,70.0,99.0,8.34
puerto maldonado,pe,1595558268.0,-12.6,-69.18,76.05,78.0,64.0,0.89
kapaa,us,1595557921.0,22.08,-159.32,82.4,74.0,75.0,11.41
castro,cl,1595557676.0,-24.79,-50.01,56.44,77.0,7.0,3.47
georgetown,sh,1595557568.0,5.41,100.34,86.0,83.0,40.0,5.82
mahebourg,mu,1595558149.0,-20.41,57.7,66.78,69.0,72.0,24.47
dothan,us,1595558268.0,31.22,-85.39,77.0,88.0,1.0,5.82
rikitea,pf,1595558145.0,-23.12,-134.97,67.24,59.0,39.0,14.07
qaanaaq,gl,1595558151.0,77.48,-69.36,44.87,59.0,0.0,2.33
punta arenas,cl,1595557417.0,-53.15,-70.92,39.2,80.0,100.0,23.04
rikitea,pf,1595558145.0,-23.12,-134.97,67.24,59.0,39.0,14.07
carnarvon,au,1595557557.0,-24.87,113.63,69.8,46.0,0.0,12.75
goodyear,us,1595558269.0,33.44,-112.36,95.0,38.0,40.0,11.41
tiznit,ma,1595558107.0,29.58,-9.5,76.82,34.0,0.0,0.72
ushuaia,ar,1595558036.0,-54.8,-68.3,37.4,86.0,75.0,12.75
vaini,to,1595558036.0,-21.2,-175.2,75.2,83.0,40.0,5.82
port elizabeth,za,1595557692.0,-33.92,25.57,44.6,87.0,0.0,3.36
dagana,sn,1595558270.0,16.52,-15.51,79.83,72.0,8.0,11.39
butaritari,ki,1595558177.0,3.07,172.79,82.83,77.0,1.0,12.97
punta arenas,cl,1595557417.0,-53.15,-70.92,39.2,80.0,100.0,23.04
rossano,it,1595558270.0,39.58,16.63,72.0,59.0,0.0,5.17
hun,ly,1595558270.0,29.13,15.95,67.24,68.0,0.0,1.34
khash,ir,1595558270.0,28.22,61.22,81.36,26.0,0.0,1.9
tiksi,ru,1595557676.0,71.69,128.87,66.76,54.0,3.0,10.8
sheopur,in,1595558270.0,25.67,76.7,85.21,65.0,27.0,2.26
saint-paul,re,1595558270.0,-21.01,55.27,64.4,55.0,20.0,26.4
rapu-rapu,ph,1595558271.0,13.19,124.13,85.39,69.0,99.0,5.77
chapais,ca,1595557960.0,49.78,-74.85,62.6,72.0,1.0,3.36
khandyga,ru,1595557771.0,62.67,135.6,81.97,37.0,2.0,2.73
bazarnyye mataki,ru,1595558271.0,54.88,49.93,59.31,87.0,0.0,9.69
esperance,au,1595558155.0,-33.87,121.9,51.8,87.0,40.0,4.7
chapais,ca,1595557960.0,49.78,-74.85,62.6,72.0,1.0,3.36
tela,hn,1595558271.0,15.78,-87.45,84.2,74.0,20.0,13.87
saskylakh,ru,1595558157.0,71.92,114.08,63.68,74.0,92.0,9.64
aykhal,ru,1595557985.0,66.0,111.5,60.8,63.0,40.0,6.71
puerto ayora,ec,1595557679.0,-0.74,-90.35,68.0,96.0,79.0,5.99
vanimo,pg,1595558184.0,-2.67,141.3,86.32,66.0,9.0,7.81
jamestown,sh,1595557398.0,42.1,-79.24,71.01,88.0,75.0,4.7
avera,pf,1595558198.0,33.19,-82.53,77.0,67.0,75.0,4.7
khovu-aksy,ru,1595558272.0,51.13,93.6,66.43,63.0,9.0,4.92
busselton,au,1595558046.0,-33.65,115.33,60.01,68.0,42.0,9.37
wilkinsburg,us,1595558272.0,40.44,-79.88,73.0,94.0,90.0,11.41
saint george,bm,1595557510.0,37.1,-113.58,89.6,25.0,1.0,18.34
dukat,ru,1595558273.0,62.55,155.55,74.88,29.0,5.0,4.79
saint-pierre,pm,1595557757.0,-21.34,55.48,66.2,48.0,90.0,20.8
chapais,ca,1595557960.0,49.78,-74.85,62.6,72.0,1.0,3.36
east london,za,1595557695.0,-33.02,27.91,60.93,34.0,0.0,7.9
sorland,no,1595558273.0,67.67,12.69,52.18,89.0,100.0,26.19
bluff,nz,1595558051.0,-46.6,168.33,46.94,72.0,100.0,26.15
pedregulho,br,1595558273.0,-20.26,-47.48,59.34,57.0,0.0,4.45
port elizabeth,za,1595557692.0,-33.92,25.57,44.6,87.0,0.0,3.36
mataura,pf,1595558148.0,-46.19,168.86,44.22,70.0,99.0,8.34
rocha,uy,1595557677.0,-34.48,-54.33,64.09,95.0,100.0,5.12
lasa,cn,1595557768.0,46.62,10.7,57.99,100.0,100.0,1.21
lazaro cardenas,mx,1595558220.0,17.96,-102.2,80.35,78.0,99.0,2.44
ishigaki,jp,1595558274.0,24.34,124.16,89.6,75.0,75.0,12.75
hobart,au,1595557924.0,-42.88,147.33,52.0,62.0,75.0,9.17
rikitea,pf,1595558145.0,-23.12,-134.97,67.24,59.0,39.0,14.07
thompson,ca,1595558154.0,55.74,-97.86,78.8,65.0,20.0,5.82
westport,ie,1595558228.0,41.14,-73.36,80.6,65.0,75.0,12.75
punta arenas,cl,1595557417.0,-53.15,-70.92,39.2,80.0,100.0,23.04
rundu,na,1595558275.0,-17.93,19.77,44.64,57.0,0.0,5.77
cidreira,br,1595558146.0,-30.18,-50.21,64.94,82.0,92.0,8.16
san jose,gt,1595557983.0,37.34,-121.89,77.0,60.0,1.0,12.75
saint-philippe,re,1595558153.0,-21.36,55.77,66.2,48.0,90.0,20.8
tura,ru,1595557680.0,25.52,90.22,75.94,96.0,98.0,5.08
rockhampton,au,1595558276.0,-23.38,150.5,69.8,64.0,75.0,10.29
upernavik,gl,1595558149.0,72.79,-56.15,44.92,78.0,51.0,8.5
pouebo,nc,1595558276.0,-20.4,164.57,75.96,64.0,8.0,12.12
bethel,us,1595557706.0,41.37,-73.41,71.6,88.0,90.0,9.17
padang,id,1595557428.0,-0.95,100.35,80.6,83.0,20.0,1.12
puerto ayora,ec,1595557679.0,-0.74,-90.35,68.0,96.0,79.0,5.99
qaanaaq,gl,1595558151.0,77.48,-69.36,44.87,59.0,0.0,2.33
ushuaia,ar,1595558036.0,-54.8,-68.3,37.4,86.0,75.0,12.75
albany,au,1595558152.0,42.6,-73.97,75.0,97.0,44.0,5.55
solnechnyy,ru,1595558277.0,50.72,136.63,68.83,61.0,69.0,6.55
yellowknife,ca,1595558157.0,62.46,-114.35,59.0,87.0,75.0,12.75
itarema,br,1595558084.0,-2.92,-39.92,76.68,86.0,100.0,10.42
padang,id,1595557428.0,-0.95,100.35,80.6,83.0,20.0,1.12
kecskemet,hu,1595558277.0,46.91,19.69,63.0,100.0,45.0,3.22
chuy,uy,1595558148.0,-33.7,-53.46,64.63,95.0,83.0,5.79
praia da vitoria,pt,1595557799.0,38.73,-27.07,64.4,88.0,10.0,3.74
hilo,us,1595558150.0,19.73,-155.09,84.2,58.0,75.0,8.05
pasil,ph,1595558278.0,17.38,121.13,81.95,63.0,38.0,2.13
rikitea,pf,1595558145.0,-23.12,-134.97,67.24,59.0,39.0,14.07
zarichne,ua,1595558278.0,51.81,26.13,49.24,93.0,9.0,3.67
san patricio,mx,1595557715.0,19.22,-104.7,82.4,74.0,75.0,6.67
houma,us,1595558278.0,29.6,-90.72,79.0,94.0,75.0,10.29
saint-philippe,re,1595558153.0,-21.36,55.77,66.2,48.0,90.0,20.8
vanavara,ru,1595558145.0,60.34,102.28,58.15,73.0,100.0,9.19
sabang,id,1595557701.0,5.89,95.32,81.41,74.0,100.0,3.94
bathsheba,bb,1595558161.0,13.22,-59.52,82.4,69.0,75.0,10.29
bluff,nz,1595558051.0,-46.6,168.33,46.94,72.0,100.0,26.15
saint-philippe,re,1595558153.0,-21.36,55.77,66.2,48.0,90.0,20.8
carnarvon,au,1595558279.0,-24.87,113.63,69.8,46.0,0.0,12.75
vaini,to,1595558036.0,-21.2,-175.2,75.2,83.0,40.0,5.82
huarmey,pe,1595558280.0,-10.07,-78.15,61.23,87.0,60.0,9.26
iqaluit,ca,1595558092.0,63.75,-68.51,55.4,58.0,90.0,5.82
ushuaia,ar,1595558036.0,-54.8,-68.3,37.4,86.0,75.0,12.75
fort nelson,ca,1595558167.0,58.81,-122.7,68.0,56.0,75.0,4.7
albany,au,1595558152.0,42.6,-73.97,75.0,97.0,44.0,5.55
atuona,pf,1595558169.0,-9.8,-139.03,79.39,77.0,23.0,18.95
daru,pg,1595557696.0,-9.08,143.21,79.56,79.0,46.0,15.95
saint-pierre,pm,1595557757.0,-21.34,55.48,66.2,48.0,90.0,20.8
jamestown,sh,1595557988.0,42.1,-79.24,71.01,88.0,75.0,4.7
souillac,mu,1595557691.0,-20.52,57.52,66.31,68.0,56.0,23.71
arraial do cabo,br,1595558059.0,-22.97,-42.03,69.8,83.0,4.0,9.17
cape town,za,1595558281.0,-33.93,18.42,55.4,62.0,0.0,2.24
custoias,pt,1595558281.0,41.11,-7.32,64.0,8.0,16.0,3.74
bluff,nz,1595558051.0,-46.6,168.33,46.94,72.0,100.0,26.15
sao pedro do sul,br,1595558282.0,-29.62,-54.18,73.4,60.0,89.0,9.17
sao filipe,cv,1595557752.0,14.9,-24.5,76.87,86.0,98.0,10.76
rikitea,pf,1595558145.0,-23.12,-134.97,67.24,59.0,39.0,14.07
ushuaia,ar,1595558036.0,-54.8,-68.3,37.4,86.0,75.0,12.75
vaini,to,1595558036.0,-21.2,-175.2,75.2,83.0,40.0,5.82
beyneu,kz,1595558282.0,45.32,55.2,79.38,44.0,3.0,10.74
little current,ca,1595558282.0,45.98,-81.92,68.0,82.0,1.0,6.93
boende,cd,1595558283.0,-0.22,20.87,71.53,83.0,45.0,2.01
miri,my,1595558283.0,4.41,114.01,80.6,88.0,40.0,4.7
albany,au,1595558152.0,42.6,-73.97,75.0,97.0,44.0,5.55
arraial do cabo,br,1595558059.0,-22.97,-42.03,69.8,83.0,4.0,9.17
saint-joseph,re,1595558170.0,-21.37,55.62,66.2,48.0,90.0,20.8
cabo san lucas,mx,1595557697.0,22.89,-109.91,88.0,73.0,5.0,17.22
arraial do cabo,br,1595558059.0,-22.97,-42.03,69.8,83.0,4.0,9.17
talnakh,ru,1595557984.0,69.49,88.4,50.0,76.0,33.0,26.84
nikolskoye,ru,1595557694.0,59.7,30.79,51.01,81.0,20.0,4.47
punta arenas,cl,1595557417.0,-53.15,-70.92,39.2,80.0,100.0,23.04
albany,au,1595558152.0,42.6,-73.97,75.0,97.0,44.0,5.55
cabo san lucas,mx,1595557697.0,22.89,-109.91,88.0,73.0,5.0,17.22
rocha,uy,1595558284.0,-34.48,-54.33,61.75,96.0,100.0,2.59
uyuni,bo,1595558284.0,-20.46,-66.83,36.7,53.0,64.0,10.74
tuktoyaktuk,ca,1595558169.0,69.45,-133.04,62.6,48.0,20.0,16.11
rikitea,pf,1595558145.0,-23.12,-134.97,67.24,59.0,39.0,14.07
mataura,pf,1595558148.0,-46.19,168.86,44.22,70.0,99.0,8.34
karratha,au,1595557701.0,-20.74,116.85,76.05,37.0,0.0,11.83
mataura,pf,1595558148.0,-46.19,168.86,44.22,70.0,99.0,8.34
saint-philippe,re,1595558153.0,-21.36,55.77,66.2,48.0,90.0,20.8
new norfolk,au,1595558054.0,-42.78,147.06,52.0,80.0,100.0,2.68
bredasdorp,za,1595558175.0,-34.53,20.04,50.0,93.0,0.0,3.36
ancud,cl,1595557690.0,-41.87,-73.82,42.01,93.0,75.0,1.12
punta arenas,cl,1595557417.0,-53.15,-70.92,39.2,80.0,100.0,23.04
hagavik,no,1595558285.0,60.18,5.43,52.0,93.0,81.0,9.17
albany,au,1595558152.0,42.6,-73.97,75.0,97.0,44.0,5.55
kargil,in,1595558286.0,34.57,76.1,58.82,44.0,0.0,5.64
mataura,pf,1595558148.0,-46.19,168.86,44.22,70.0,99.0,8.34
tiksi,ru,1595558286.0,71.69,128.87,67.77,52.0,6.0,11.86
sambava,mg,1595557822.0,-14.27,50.17,68.7,86.0,89.0,18.72
kahului,us,1595557738.0,20.89,-156.47,87.8,48.0,40.0,20.8
dikson,ru,1595557716.0,73.51,80.55,42.49,88.0,0.0,2.68
atuona,pf,1595558169.0,-9.8,-139.03,79.39,77.0,23.0,18.95
tulun,ru,1595558287.0,54.56,100.58,72.48,60.0,2.0,2.55
grindavik,is,1595558155.0,63.84,-22.43,48.2,81.0,40.0,10.29
punta arenas,cl,1595558287.0,-53.15,-70.92,39.2,80.0,100.0,23.04
punta arenas,cl,1595558287.0,-53.15,-70.92,39.2,80.0,100.0,23.04
ushuaia,ar,1595558036.0,-54.8,-68.3,37.4,86.0,75.0,12.75
atuona,pf,1595558169.0,-9.8,-139.03,79.39,77.0,23.0,18.95
carnarvon,au,1595558279.0,-24.87,113.63,69.8,46.0,0.0,12.75
busselton,au,1595558046.0,-33.65,115.33,60.01,68.0,42.0,9.37
storsteinnes,no,1595558288.0,69.24,19.23,48.2,93.0,100.0,4.7
hambantota,lk,1595557721.0,6.12,81.12,75.2,100.0,40.0,8.05
punta arenas,cl,1595558287.0,-53.15,-70.92,39.2,80.0,100.0,23.04
hasaki,jp,1595557816.0,35.73,140.83,81.0,88.0,75.0,4.7
mahebourg,mu,1595558149.0,-20.41,57.7,66.78,69.0,72.0,24.47
busselton,au,1595558046.0,-33.65,115.33,60.01,68.0,42.0,9.37
dikson,ru,1595557716.0,73.51,80.55,42.49,88.0,0.0,2.68
kununurra,au,1595557764.0,-15.77,128.73,80.6,22.0,0.0,12.75
berlevag,no,1595558236.0,70.86,29.09,51.8,100.0,90.0,1.12
puerto escondido,mx,1595558289.0,15.85,-97.07,80.87,77.0,79.0,3.33
kapaa,us,1595557921.0,22.08,-159.32,82.4,74.0,75.0,11.41
ushuaia,ar,1595558036.0,-54.8,-68.3,37.4,86.0,75.0,12.75
busselton,au,1595558046.0,-33.65,115.33,60.01,68.0,42.0,9.37
carnarvon,au,1595558279.0,-24.87,113.63,69.8,46.0,0.0,12.75
maryborough,au,1595558289.0,-25.53,152.7,64.99,92.0,84.0,8.99
hovd,mn,1595557832.0,48.01,91.64,71.15,39.0,84.0,2.66
vaini,to,1595558036.0,-21.2,-175.2,75.2,83.0,40.0,5.82
tateyama,jp,1595558181.0,34.98,139.87,80.01,88.0,75.0,2.24
port hawkesbury,ca,1595558219.0,45.62,-61.35,64.0,100.0,75.0,2.24
rikitea,pf,1595558145.0,-23.12,-134.97,67.24,59.0,39.0,14.07
bluff,nz,1595558051.0,-46.6,168.33,46.94,72.0,100.0,26.15
puerto ayora,ec,1595558290.0,-0.74,-90.35,68.0,96.0,85.0,5.99
turinsk,ru,1595558290.0,58.05,63.7,59.99,66.0,0.0,8.41
busselton,au,1595558046.0,-33.65,115.33,60.01,68.0,42.0,9.37
lebu,cl,1595558168.0,-37.62,-73.65,43.92,73.0,0.0,6.08
frontera,mx,1595558291.0,26.93,-101.45,89.01,39.0,34.0,3.0
cape town,za,1595558281.0,-33.93,18.42,55.4,62.0,0.0,2.24
saskylakh,ru,1595558157.0,71.92,114.08,63.68,74.0,92.0,9.64
tinskoy,ru,1595558291.0,56.15,96.92,61.25,82.0,89.0,6.53
new norfolk,au,1595558054.0,-42.78,147.06,52.0,80.0,100.0,2.68
hilo,us,1595558150.0,19.73,-155.09,84.2,58.0,75.0,8.05
bredasdorp,za,1595558175.0,-34.53,20.04,50.0,93.0,0.0,3.36
chuy,uy,1595558148.0,-33.7,-53.46,64.63,95.0,83.0,5.79
upernavik,gl,1595558149.0,72.79,-56.15,44.92,78.0,51.0,8.5
albany,au,1595558152.0,42.6,-73.97,75.0,97.0,44.0,5.55
bambous virieux,mu,1595557702.0,-20.34,57.76,66.99,59.0,77.0,11.01
jamestown,sh,1595557988.0,42.1,-79.24,71.01,88.0,75.0,4.7
abu zabad,sd,1595558292.0,12.35,29.25,77.68,68.0,100.0,14.63
wattegama,lk,1595558292.0,6.8,81.48,75.2,100.0,40.0,8.05
boyany,ua,1595558292.0,48.27,26.13,61.0,85.0,14.0,2.48
afrikanda,ru,1595558292.0,67.44,32.78,55.24,89.0,98.0,6.6
suraabad,az,1595558292.0,40.82,49.47,69.8,77.0,78.0,9.15
rikitea,pf,1595558145.0,-23.12,-134.97,67.24,59.0,39.0,14.07
nokaneng,bw,1595558293.0,-19.67,22.27,48.96,70.0,0.0,10.36
san patricio,mx,1595557715.0,19.22,-104.7,82.4,74.0,75.0,6.67
maiduguri,ng,1595558076.0,11.85,13.16,77.16,71.0,94.0,6.55
lagoa,pt,1595558170.0,39.05,-27.98,68.94,76.0,1.0,6.69
bluff,nz,1595558051.0,-46.6,168.33,46.94,72.0,100.0,26.15
kilindoni,tz,1595558293.0,-7.91,39.67,75.13,77.0,23.0,19.28
tiksi,ru,1595558286.0,71.69,128.87,67.77,52.0,6.0,11.86
avarua,ck,1595558167.0,-21.21,-159.78,73.4,94.0,1.0,4.7
port macquarie,au,1595558294.0,-31.43,152.92,60.01,94.0,54.0,6.51
punta arenas,cl,1595558287.0,-53.15,-70.92,39.2,80.0,100.0,23.04
ushuaia,ar,1595558036.0,-54.8,-68.3,37.4,86.0,75.0,12.75
tingi,tz,1595558294.0,-11.3,35.03,50.94,79.0,68.0,1.79
albany,au,1595558152.0,42.6,-73.97,75.0,97.0,44.0,5.55
busselton,au,1595558046.0,-33.65,115.33,60.01,68.0,42.0,9.37
hobart,au,1595557924.0,-42.88,147.33,52.0,62.0,75.0,9.17
yellowknife,ca,1595558157.0,62.46,-114.35,59.0,87.0,75.0,12.75
khatanga,ru,1595558163.0,71.97,102.5,43.39,92.0,100.0,16.17
marawi,sd,1595557517.0,8.0,124.29,84.0,72.0,57.0,5.01
westport,ie,1595558228.0,41.14,-73.36,80.6,65.0,75.0,12.75
naze,jp,1595557719.0,28.37,129.48,87.8,79.0,75.0,18.34
sao filipe,cv,1595557752.0,14.9,-24.5,76.87,86.0,98.0,10.76
busselton,au,1595558046.0,-33.65,115.33,60.01,68.0,42.0,9.37
aksha,ru,1595558295.0,50.28,113.29,78.17,52.0,100.0,7.4
punta arenas,cl,1595558287.0,-53.15,-70.92,39.2,80.0,100.0,23.04
lompoc,us,1595557883.0,34.64,-120.46,62.6,77.0,10.0,11.41
hermanus,za,1595558160.0,-34.42,19.23,54.0,77.0,0.0,3.0
bredasdorp,za,1595558175.0,-34.53,20.04,50.0,93.0,0.0,3.36
sibolga,id,1595558210.0,1.74,98.78,84.69,58.0,100.0,1.48
tiksi,ru,1595558286.0,71.69,128.87,67.77,52.0,6.0,11.86
abu samrah,qa,1595558217.0,35.3,37.18,70.93,75.0,0.0,9.15
kamaishi,jp,1595558296.0,39.27,141.88,82.4,61.0,75.0,3.36
georgetown,sh,1595558297.0,5.41,100.34,86.0,83.0,40.0,5.82
kapaa,us,1595557921.0,22.08,-159.32,82.4,74.0,75.0,11.41
martapura,id,1595558297.0,-3.42,114.85,84.2,74.0,40.0,4.7
puerto ayora,ec,1595558290.0,-0.74,-90.35,68.0,96.0,85.0,5.99
tuktoyaktuk,ca,1595558169.0,69.45,-133.04,62.6,48.0,20.0,16.11
cape town,za,1595558281.0,-33.93,18.42,55.4,62.0,0.0,2.24
busselton,au,1595558046.0,-33.65,115.33,60.01,68.0,42.0,9.37
cabo san lucas,mx,1595557697.0,22.89,-109.91,88.0,73.0,5.0,17.22
yellowknife,ca,1595558157.0,62.46,-114.35,59.0,87.0,75.0,12.75
lagoa,pt,1595558170.0,39.05,-27.98,68.94,76.0,1.0,6.69
chokurdakh,ru,1595558085.0,70.63,147.92,79.23,45.0,91.0,3.06
butaritari,ki,1595558177.0,3.07,172.79,82.83,77.0,1.0,12.97
hobart,au,1595557924.0,-42.88,147.33,52.0,62.0,75.0,9.17
bengkulu,id,1595558011.0,-3.8,102.27,80.1,78.0,95.0,0.83
busselton,au,1595558046.0,-33.65,115.33,60.01,68.0,42.0,9.37
vilhena,br,1595558298.0,-12.74,-60.15,70.77,47.0,0.0,4.65
montes altos,br,1595558298.0,-5.83,-47.07,76.28,52.0,37.0,4.07
hithadhoo,mv,1595558043.0,-0.6,73.08,83.12,70.0,92.0,10.96
upernavik,gl,1595558149.0,72.79,-56.15,44.92,78.0,51.0,8.5
albany,au,1595558152.0,42.6,-73.97,75.0,97.0,44.0,5.55
coihaique,cl,1595558151.0,-45.58,-72.07,17.6,92.0,7.0,2.24
kokopo,pg,1595558299.0,-4.35,152.26,84.42,69.0,46.0,12.48
vanderhoof,ca,1595558299.0,54.02,-124.02,56.55,61.0,100.0,11.99
yellowknife,ca,1595558157.0,62.46,-114.35,59.0,87.0,75.0,12.75
east london,za,1595558299.0,-33.02,27.91,60.78,33.0,0.0,7.49
rikitea,pf,1595558145.0,-23.12,-134.97,67.24,59.0,39.0,14.07
cape town,za,1595558281.0,-33.93,18.42,55.4,62.0,0.0,2.24
cidreira,br,1595558146.0,-30.18,-50.21,64.94,82.0,92.0,8.16
hithadhoo,mv,1595558043.0,-0.6,73.08,83.12,70.0,92.0,10.96
acapulco,mx,1595558126.0,16.86,-99.89,82.4,83.0,75.0,4.7
hithadhoo,mv,1595558043.0,-0.6,73.08,83.12,70.0,92.0,10.96
simplicio mendes,br,1595558300.0,-7.85,-41.91,71.76,58.0,33.0,8.08
pisco,pe,1595558090.0,-13.7,-76.22,63.0,82.0,1.0,1.12
katsuura,jp,1595558152.0,35.13,140.3,82.0,79.0,100.0,1.01
hofn,is,1595557791.0,64.25,-15.21,48.2,63.0,82.0,13.33
sitka,us,1595558300.0,57.05,-135.33,57.2,82.0,75.0,11.41
ancud,cl,1595558099.0,-41.87,-73.82,42.01,93.0,75.0,1.12
caxito,ao,1595558301.0,-8.58,13.66,71.6,78.0,75.0,4.7
mapimi,mx,1595558301.0,25.82,-103.85,78.8,61.0,75.0,11.01
broken hill,au,1595558301.0,-31.95,141.43,60.8,41.0,0.0,11.41
la rioja,ar,1595558018.0,42.25,-2.5,64.4,68.0,76.0,8.05
dikson,ru,1595557716.0,73.51,80.55,42.49,88.0,0.0,2.68
atuona,pf,1595558169.0,-9.8,-139.03,79.39,77.0,23.0,18.95
canutama,br,1595558302.0,-6.53,-64.38,79.12,66.0,77.0,1.41
busselton,au,1595558046.0,-33.65,115.33,60.01,68.0,42.0,9.37
hobart,au,1595557924.0,-42.88,147.33,52.0,62.0,75.0,9.17
buala,sb,1595558302.0,-8.14,159.59,85.98,70.0,15.0,10.56
cidreira,br,1595558146.0,-30.18,-50.21,64.94,82.0,92.0,8.16
kapaa,us,1595557921.0,22.08,-159.32,82.4,74.0,75.0,11.41
hobart,au,1595557924.0,-42.88,147.33,52.0,62.0,75.0,9.17
saquisili,ec,1595558302.0,-0.83,-78.67,46.99,100.0,40.0,1.12
tecoanapa,mx,1595558303.0,16.52,-98.75,81.18,78.0,9.0,5.19
ushuaia,ar,1595558036.0,-54.8,-68.3,37.4,86.0,75.0,12.75
morondava,mg,1595558303.0,-20.28,44.28,67.3,62.0,0.0,10.07
hilo,us,1595558150.0,19.73,-155.09,84.2,58.0,75.0,8.05
faanui,pf,1595558184.0,-16.48,-151.75,77.34,82.0,17.0,20.56
barrow,us,1595558082.0,71.29,-156.79,39.2,93.0,90.0,8.05
sao filipe,cv,1595557752.0,14.9,-24.5,76.87,86.0,98.0,10.76
hofn,is,1595557791.0,64.25,-15.21,48.2,63.0,82.0,13.33
arraial do cabo,br,1595558059.0,-22.97,-42.03,69.8,83.0,4.0,9.17
rikitea,pf,1595558145.0,-23.12,-134.97,67.24,59.0,39.0,14.07
port alfred,za,1595558304.0,-33.59,26.89,61.83,34.0,0.0,8.32
wuhu,cn,1595558304.0,31.34,118.38,77.0,94.0,90.0,6.71
khatanga,ru,1595558163.0,71.97,102.5,43.39,92.0,100.0,16.17
upernavik,gl,1595558149.0,72.79,-56.15,44.92,78.0,51.0,8.5
marawi,sd,1595557517.0,8.0,124.29,84.0,72.0,57.0,5.01
namibe,ao,1595557800.0,-15.2,12.15,65.84,70.0,0.0,3.44
santa maria,cv,1595558218.0,-29.68,-53.81,73.4,60.0,100.0,9.17
hithadhoo,mv,1595558043.0,-0.6,73.08,83.12,70.0,92.0,10.96
kapaa,us,1595557921.0,22.08,-159.32,82.4,74.0,75.0,11.41
syracuse,it,1595558305.0,37.09,15.28,73.99,83.0,0.0,4.7
hobyo,so,1595557745.0,5.35,48.53,76.19,74.0,66.0,25.52
qaanaaq,gl,1595558151.0,77.48,-69.36,44.87,59.0,0.0,2.33
alta floresta,br,1595557826.0,-9.88,-56.09,73.9,57.0,6.0,3.2
coquimbo,cl,1595558149.0,-29.95,-71.34,52.79,69.0,44.0,1.5
butaritari,ki,1595558177.0,3.07,172.79,82.83,77.0,1.0,12.97
castro,cl,1595558306.0,-24.79,-50.01,55.81,77.0,5.0,3.13
migori,ke,1595558306.0,-1.06,34.47,59.41,88.0,6.0,1.9
omsukchan,ru,1595558306.0,62.53,155.8,77.54,28.0,1.0,3.91
tateyama,jp,1595558181.0,34.98,139.87,80.01,88.0,75.0,2.24
cidreira,br,1595558146.0,-30.18,-50.21,64.94,82.0,92.0,8.16
ilulissat,gl,1595558055.0,69.22,-51.1,50.0,66.0,100.0,1.12
rikitea,pf,1595558145.0,-23.12,-134.97,67.24,59.0,39.0,14.07
slave lake,ca,1595558306.0,55.28,-114.77,60.8,82.0,90.0,6.93
hermanus,za,1595558160.0,-34.42,19.23,54.0,77.0,0.0,3.0
castro,cl,1595558306.0,-24.79,-50.01,55.81,77.0,5.0,3.13
nabire,id,1595558307.0,-3.37,135.48,85.69,67.0,30.0,4.07
byron bay,au,1595558103.0,-28.65,153.62,62.6,88.0,75.0,10.29
winnemucca,us,1595558164.0,40.97,-117.74,86.0,15.0,1.0,11.41
albany,au,1595558152.0,42.6,-73.97,75.0,97.0,44.0,5.55
coquimbo,cl,1595558149.0,-29.95,-71.34,52.79,69.0,44.0,1.5
carnarvon,au,1595558279.0,-24.87,113.63,69.8,46.0,0.0,12.75
pacific grove,us,1595558198.0,36.62,-121.92,62.01,82.0,90.0,10.29
aksu,cn,1595558137.0,41.12,80.26,83.23,24.0,0.0,5.64
busselton,au,1595558046.0,-33.65,115.33,60.01,68.0,42.0,9.37
faanui,pf,1595558184.0,-16.48,-151.75,77.34,82.0,17.0,20.56
bluff,nz,1595558051.0,-46.6,168.33,46.94,72.0,100.0,26.15
nyurba,ru,1595558308.0,63.28,118.33,78.94,52.0,0.0,2.73
bundaberg,au,1595558308.0,-24.85,152.35,69.01,72.0,75.0,12.75
saint-ambroise,ca,1595558308.0,48.55,-71.33,60.8,77.0,40.0,5.82
hermiston,us,1595558308.0,45.84,-119.29,89.6,21.0,1.0,11.41
soyo,ao,1595558236.0,-6.13,12.37,70.07,86.0,15.0,2.26
taoudenni,ml,1595558174.0,22.68,-3.98,94.93,13.0,0.0,1.79
rognan,no,1595558309.0,67.1,15.39,50.0,97.0,100.0,4.59
arraial do cabo,br,1595558059.0,-22.97,-42.03,69.8,83.0,4.0,9.17
aklavik,ca,1595558309.0,68.22,-135.01,64.4,42.0,20.0,10.29
nemuro,jp,1595558146.0,43.32,145.57,64.4,93.0,75.0,5.82
bredasdorp,za,1595558175.0,-34.53,20.04,50.0,93.0,0.0,3.36
talwara,in,1595558309.0,31.95,75.87,87.1,50.0,0.0,5.08
namibe,ao,1595557800.0,-15.2,12.15,65.84,70.0,0.0,3.44
hobart,au,1595557924.0,-42.88,147.33,52.0,62.0,75.0,9.17
hermanus,za,1595558160.0,-34.42,19.23,54.0,77.0,0.0,3.0
castro,cl,1595558306.0,-24.79,-50.01,55.81,77.0,5.0,3.13
punta arenas,cl,1595558287.0,-53.15,-70.92,39.2,80.0,100.0,23.04
qaanaaq,gl,1595558151.0,77.48,-69.36,44.87,59.0,0.0,2.33
barrow,us,1595558082.0,71.29,-156.79,39.2,93.0,90.0,8.05
mar del plata,ar,1595557715.0,-38.0,-57.56,53.6,93.0,75.0,9.17
mayahi,ne,1595558310.0,13.96,7.67,78.93,64.0,96.0,15.88
lebu,cl,1595558168.0,-37.62,-73.65,43.92,73.0,0.0,6.08
talant,fr,1595558311.0,47.34,5.01,71.6,43.0,95.0,4.7
vardo,no,1595558311.0,70.37,31.11,59.0,87.0,20.0,6.93
kapaa,us,1595557921.0,22.08,-159.32,82.4,74.0,75.0,11.41
tyulgan,ru,1595558311.0,52.34,56.17,58.71,91.0,98.0,11.21
yellowknife,ca,1595558157.0,62.46,-114.35,59.0,87.0,75.0,12.75
grevesmuhlen,de,1595558311.0,53.87,11.18,62.01,78.0,99.0,4.0
yellowknife,ca,1595558157.0,62.46,-114.35,59.0,87.0,75.0,12.75
kodiak,us,1595558105.0,57.79,-152.41,60.8,63.0,20.0,2.44
lebu,cl,1595558168.0,-37.62,-73.65,43.92,73.0,0.0,6.08
asau,tv,1595558312.0,46.43,26.4,57.0,98.0,56.0,3.38
cape town,za,1595558281.0,-33.93,18.42,55.4,62.0,0.0,2.24
bambous virieux,mu,1595558312.0,-20.34,57.76,68.0,60.0,71.0,11.99
port alfred,za,1595558304.0,-33.59,26.89,61.83,34.0,0.0,8.32
yellowknife,ca,1595558157.0,62.46,-114.35,59.0,87.0,75.0,12.75
souillac,mu,1595558312.0,-20.52,57.52,66.45,69.0,70.0,24.52
salamanca,es,1595558313.0,40.83,-6.0,64.99,77.0,3.0,1.12
kumluca,tr,1595558313.0,36.37,30.29,82.33,37.0,0.0,3.44
sabha,ly,1595557781.0,27.04,14.43,74.3,34.0,0.0,10.78
vaini,to,1595558036.0,-21.2,-175.2,75.2,83.0,40.0,5.82
cimarron hills,us,1595558232.0,38.86,-104.7,82.4,26.0,75.0,3.36
chokurdakh,ru,1595558085.0,70.63,147.92,79.23,45.0,91.0,3.06
benguela,ao,1595558313.0,-12.58,13.41,67.5,82.0,0.0,0.92
hilo,us,1595558150.0,19.73,-155.09,84.2,58.0,75.0,8.05
castro,cl,1595558306.0,-24.79,-50.01,55.81,77.0,5.0,3.13
umm kaddadah,sd,1595557754.0,13.6,26.69,82.35,54.0,20.0,17.25
ushuaia,ar,1595558036.0,-54.8,-68.3,37.4,86.0,75.0,12.75
pevek,ru,1595557729.0,69.7,170.31,48.36,71.0,79.0,8.72
vuktyl,ru,1595558314.0,63.86,57.31,64.42,47.0,0.0,10.22
montana,bg,1595558314.0,43.41,23.23,67.1,78.0,88.0,2.46
tuktoyaktuk,ca,1595558169.0,69.45,-133.04,62.6,48.0,20.0,16.11
port-cartier,ca,1595558315.0,50.03,-66.87,59.0,93.0,75.0,2.24
srednekolymsk,ru,1595558154.0,67.45,153.68,90.05,28.0,2.0,6.46
mar del plata,ar,1595557715.0,-38.0,-57.56,53.6,93.0,75.0,9.17
castro,cl,1595558306.0,-24.79,-50.01,55.81,77.0,5.0,3.13
harper,lr,1595558156.0,4.38,-7.72,74.75,88.0,94.0,7.4
rikitea,pf,1595558145.0,-23.12,-134.97,67.24,59.0,39.0,14.07
najran,sa,1595557746.0,17.49,44.13,82.4,37.0,23.0,6.93
rikitea,pf,1595558145.0,-23.12,-134.97,67.24,59.0,39.0,14.07
vaini,to,1595558036.0,-21.2,-175.2,75.2,83.0,40.0,5.82
esperance,au,1595558155.0,-33.87,121.9,51.8,87.0,40.0,4.7
lata,sb,1595558182.0,40.16,-8.33,63.0,88.0,3.0,1.99
busselton,au,1595558046.0,-33.65,115.33,60.01,68.0,42.0,9.37
atuona,pf,1595558169.0,-9.8,-139.03,79.39,77.0,23.0,18.95
yellowknife,ca,1595558157.0,62.46,-114.35,59.0,87.0,75.0,12.75
ushuaia,ar,1595558036.0,-54.8,-68.3,37.4,86.0,75.0,12.75
busselton,au,1595558046.0,-33.65,115.33,60.01,68.0,42.0,9.37
cruz das almas,br,1595558317.0,-12.67,-39.1,65.98,100.0,47.0,3.36
mataura,pf,1595558148.0,-46.19,168.86,44.22,70.0,99.0,8.34
vardo,no,1595558311.0,70.37,31.11,59.0,87.0,20.0,6.93
busselton,au,1595558046.0,-33.65,115.33,60.01,68.0,42.0,9.37
santa maria del oro,mx,1595558317.0,25.93,-105.37,69.51,71.0,93.0,6.38
dikson,ru,1595558317.0,73.51,80.55,42.82,88.0,0.0,3.2
margate,za,1595558317.0,51.38,1.39,64.99,79.0,17.0,4.0
kemin,kg,1595558317.0,42.78,75.69,72.16,42.0,88.0,5.06
nova vicosa,br,1595558318.0,-17.89,-39.37,72.36,87.0,77.0,10.69
bom jesus da lapa,br,1595558318.0,-13.26,-43.42,67.37,66.0,0.0,2.13
arraial do cabo,br,1595558059.0,-22.97,-42.03,69.8,83.0,4.0,9.17
barrow,us,1595558082.0,71.29,-156.79,39.2,93.0,90.0,8.05
tuktoyaktuk,ca,1595558169.0,69.45,-133.04,62.6,48.0,20.0,16.11
castro,cl,1595558306.0,-24.79,-50.01,55.81,77.0,5.0,3.13
east london,za,1595558299.0,-33.02,27.91,60.78,33.0,0.0,7.49
lebu,cl,1595558168.0,-37.62,-73.65,43.92,73.0,0.0,6.08
sandakan,my,1595558318.0,5.84,118.12,84.2,74.0,20.0,4.7
ixtapa,mx,1595557512.0,20.7,-105.2,79.0,88.0,90.0,4.7
albany,au,1595558152.0,42.6,-73.97,75.0,97.0,44.0,5.55
hambantota,lk,1595557721.0,6.12,81.12,75.2,100.0,40.0,8.05
constitucion,mx,1595558161.0,-35.33,-72.42,46.56,82.0,0.0,3.11
saskylakh,ru,1595558157.0,71.92,114.08,63.68,74.0,92.0,9.64
hofn,is,1595557791.0,64.25,-15.21,48.2,63.0,82.0,13.33
launceston,au,1595558319.0,-41.45,147.17,46.0,100.0,100.0,4.7
ajaccio,fr,1595558319.0,42.0,8.92,68.0,82.0,1.0,5.82
muisne,ec,1595558320.0,0.6,-80.03,73.42,85.0,99.0,8.39
cape town,za,1595558281.0,-33.93,18.42,55.4,62.0,0.0,2.24
rundu,na,1595558275.0,-17.93,19.77,44.64,57.0,0.0,5.77
tomatlan,mx,1595558320.0,19.93,-105.25,77.59,83.0,100.0,1.63
kisangani,cd,1595558320.0,0.52,25.2,70.05,94.0,0.0,2.89
geraldton,ca,1595558079.0,-28.77,114.6,59.0,72.0,0.0,16.11
tasiilaq,gl,1595558159.0,65.61,-37.64,37.4,93.0,99.0,6.93
krasnovishersk,ru,1595557806.0,60.41,57.08,63.01,48.0,0.0,8.01
zaranj,af,1595558320.0,30.97,61.88,86.0,35.0,0.0,24.16
shakawe,bw,1595558321.0,-18.37,21.85,45.03,56.0,0.0,5.77
bluff,nz,1595558051.0,-46.6,168.33,46.94,72.0,100.0,26.15
mandera,ke,1595558321.0,3.94,41.87,74.84,60.0,100.0,19.77
doha,kw,1595558044.0,25.29,51.53,93.2,70.0,1.0,8.05
russell,nz,1595558321.0,32.35,-85.2,75.2,94.0,40.0,4.7
nikolskoye,ru,1595558321.0,59.7,30.79,51.01,81.0,20.0,4.47
mataura,pf,1595558148.0,-46.19,168.86,44.22,70.0,99.0,8.34
port alfred,za,1595558304.0,-33.59,26.89,61.83,34.0,0.0,8.32
pasni,pk,1595558322.0,25.26,63.47,84.36,80.0,3.0,11.05
jamestown,sh,1595557988.0,42.1,-79.24,71.01,88.0,75.0,4.7
lata,sb,1595558182.0,40.16,-8.33,63.0,88.0,3.0,1.99
albany,au,1595558152.0,42.6,-73.97,75.0,97.0,44.0,5.55
middelburg,za,1595558322.0,-25.78,29.46,36.9,81.0,0.0,5.84
jamestown,sh,1595558343.0,42.1,-79.24,71.01,88.0,75.0,4.7
olafsvik,is,1595558110.0,64.89,-23.71,44.87,77.0,18.0,19.22
muisne,ec,1595558320.0,0.6,-80.03,73.42,85.0,99.0,8.39
mar del plata,ar,1595558064.0,-38.0,-57.56,53.6,93.0,75.0,9.17
bull savanna,jm,1595558344.0,17.89,-77.59,77.54,85.0,99.0,8.05
hilo,us,1595558150.0,19.73,-155.09,84.2,58.0,75.0,8.05
yellowknife,ca,1595558157.0,62.46,-114.35,59.0,87.0,75.0,12.75
ixtapa,mx,1595558344.0,20.7,-105.2,78.8,88.0,90.0,4.7
avarua,ck,1595558167.0,-21.21,-159.78,73.4,94.0,1.0,4.7
henties bay,na,1595558344.0,-22.12,14.28,64.0,53.0,0.0,1.99
castro,cl,1595558306.0,-24.79,-50.01,55.81,77.0,5.0,3.13
khatanga,ru,1595558163.0,71.97,102.5,43.39,92.0,100.0,16.17
hofn,is,1595557791.0,64.25,-15.21,48.2,63.0,82.0,13.33
bredasdorp,za,1595558175.0,-34.53,20.04,50.0,93.0,0.0,3.36
georgetown,sh,1595558297.0,5.41,100.34,86.0,83.0,40.0,5.82
dunedin,nz,1595557785.0,-45.87,170.5,52.0,43.0,49.0,4.0
albany,au,1595558152.0,42.6,-73.97,75.0,97.0,44.0,5.55
busselton,au,1595558046.0,-33.65,115.33,60.01,68.0,42.0,9.37
mataura,pf,1595558148.0,-46.19,168.86,44.22,70.0,99.0,8.34
albany,au,1595558152.0,42.6,-73.97,75.0,97.0,44.0,5.55
atuona,pf,1595558169.0,-9.8,-139.03,79.39,77.0,23.0,18.95
mount gambier,au,1595558345.0,-37.83,140.77,50.0,71.0,100.0,14.99
hobart,au,1595557924.0,-42.88,147.33,52.0,62.0,75.0,9.17
thompson,ca,1595558154.0,55.74,-97.86,78.8,65.0,20.0,5.82
ushuaia,ar,1595558036.0,-54.8,-68.3,37.4,86.0,75.0,12.75
lethem,gy,1595558346.0,3.38,-59.8,75.54,86.0,53.0,3.94
upernavik,gl,1595558149.0,72.79,-56.15,44.92,78.0,51.0,8.5
bredasdorp,za,1595558175.0,-34.53,20.04,50.0,93.0,0.0,3.36
chimoio,mz,1595558346.0,-19.12,33.48,53.6,100.0,75.0,9.82
vanavara,ru,1595558145.0,60.34,102.28,58.15,73.0,100.0,9.19
lerwick,gb,1595558347.0,60.15,-1.15,50.0,93.0,26.0,5.82
loandjili,cg,1595558347.0,-4.76,11.86,69.24,88.0,0.0,1.39
yellowknife,ca,1595558157.0,62.46,-114.35,59.0,87.0,75.0,12.75
shache,cn,1595558347.0,38.42,77.24,87.31,14.0,0.0,8.32
severo-kurilsk,ru,1595558242.0,50.68,156.12,51.37,83.0,100.0,5.08
hervey bay,au,1595558176.0,-25.3,152.85,64.99,92.0,68.0,8.99
montanha,br,1595558347.0,-18.13,-40.36,65.82,90.0,2.0,4.03
port elizabeth,za,1595558171.0,-33.92,25.57,44.6,87.0,0.0,3.36
naryan-mar,ru,1595558348.0,67.67,53.09,65.88,63.0,2.0,8.77
bredasdorp,za,1595558175.0,-34.53,20.04,50.0,93.0,0.0,3.36
pevek,ru,1595558348.0,69.7,170.31,49.71,68.0,82.0,8.75
avera,pf,1595558198.0,33.19,-82.53,77.0,67.0,75.0,4.7
georgetown,sh,1595558297.0,5.41,100.34,86.0,83.0,40.0,5.82
vaini,to,1595558036.0,-21.2,-175.2,75.2,83.0,40.0,5.82
pevek,ru,1595558348.0,69.7,170.31,49.71,68.0,82.0,8.75
kapaa,us,1595557921.0,22.08,-159.32,82.4,74.0,75.0,11.41
tiksi,ru,1595558286.0,71.69,128.87,67.77,52.0,6.0,11.86
chabahar,ir,1595558064.0,25.29,60.64,85.08,74.0,72.0,8.25
hilo,us,1595558150.0,19.73,-155.09,84.2,58.0,75.0,8.05
ushuaia,ar,1595558036.0,-54.8,-68.3,37.4,86.0,75.0,12.75
talnakh,ru,1595557984.0,69.49,88.4,50.0,76.0,33.0,26.84
cookeville,us,1595558349.0,36.16,-85.5,72.0,94.0,1.0,2.19
kandalaksha,ru,1595558349.0,67.16,32.41,56.89,87.0,95.0,2.3
rikitea,pf,1595558145.0,-23.12,-134.97,67.24,59.0,39.0,14.07
biak,id,1595558349.0,-0.91,122.88,81.95,68.0,71.0,8.1
georgetown,sh,1595558297.0,5.41,100.34,86.0,83.0,40.0,5.82
tuktoyaktuk,ca,1595558169.0,69.45,-133.04,62.6,48.0,20.0,16.11
rikitea,pf,1595558145.0,-23.12,-134.97,67.24,59.0,39.0,14.07
albany,au,1595558152.0,42.6,-73.97,75.0,97.0,44.0,5.55
aspe,es,1595558350.0,38.35,-0.77,75.0,73.0,0.0,2.24
torbay,ca,1595558057.0,47.67,-52.73,63.0,82.0,90.0,20.8
hobart,au,1595557924.0,-42.88,147.33,52.0,62.0,75.0,9.17
ushuaia,ar,1595558036.0,-54.8,-68.3,37.4,86.0,75.0,12.75
serebryanyy bor,ru,1595558350.0,56.8,124.8,60.28,89.0,100.0,6.69
jember,id,1595558351.0,-8.17,113.7,82.74,58.0,95.0,5.32
thompson,ca,1595558154.0,55.74,-97.86,78.8,65.0,20.0,5.82
albany,au,1595558152.0,42.6,-73.97,75.0,97.0,44.0,5.55
vila,vu,1595558351.0,42.03,-8.16,63.0,87.0,0.0,8.05
port hueneme,us,1595558351.0,34.15,-119.2,69.01,77.0,1.0,17.22
verkhnevilyuysk,ru,1595558351.0,63.45,120.32,78.67,51.0,74.0,3.69
saint george,bm,1595558280.0,37.1,-113.58,89.6,25.0,1.0,18.34
boddam,gb,1595558351.0,57.47,-1.78,55.4,87.0,75.0,10.29
cape town,za,1595558281.0,-33.93,18.42,55.4,62.0,0.0,2.24
hilo,us,1595558150.0,19.73,-155.09,84.2,58.0,75.0,8.05
mar del plata,ar,1595558064.0,-38.0,-57.56,53.6,93.0,75.0,9.17
ancud,cl,1595558099.0,-41.87,-73.82,42.01,93.0,75.0,1.12
